task: [gen0] ./scripts/gen0.sh
gen0: up to date (last-selfhost-before-codegen-rewrite @ fa181b49), nothing to do
gen1: ok gen0 compiles src/blinkc_main.bl
gen1: ok gen0 compiles src/cli.bl
gen1: built build/gen1/bin/blinkc and build/gen1/bin/blink
metric                     baseline   head~1      now
br_ids_in_source                  0        0        0
pub_let_mut                      76       76       76
layout_decline_unhandled          0        0        0
cg_name_string_compares         170      148      148
typecheck_str_keyed_tables       48       46       46
ratchet: ok
row  metric                   thr baseline   head~1      now
L1   ct_or_string_types         0        0        0        0
L2   sentinel_answers           0        0        0        0
L3   pub_let_mut_new            8        3        3        3
L3   pub_let_mut_unlisted       0        0        0        0
L4   typename_compares          0       16        6        6 DEBT
L5   no_infer                   0        0        0        0
L6   layout_outside_layer       0        0        0        0
L7   single_producer            0        0        0        0
L8   import_dag                 0        0        0        0
L9   fn_length                  0        0        0        0
L10  br_ids_in_source           0        0        0        0
L11  untested_pub_fns           0        0        0        0
lint_codegen: ok
PASS pub_let_mut: +1 correctly failed ratchet.sh
PASS br_ids_in_source: +1 correctly failed ratchet.sh
PASS layout_decline_unhandled: +1 correctly failed ratchet.sh
PASS cg_name_string_compares: +1 correctly failed ratchet.sh on this row
PASS cg_name_string_compares: +1 correctly failed ratchet.sh on this row
PASS typecheck_str_keyed_tables: +1 correctly failed ratchet.sh on this row
PASS typecheck_str_keyed_tables-local: a function-local table is not counted
PASS layout_decline_unhandled: +1 correctly failed ratchet.sh
PASS br_ids_in_source-absolute-zero: a steady nonzero count fails even though it does not increase
PASS head1-independent: HEAD~1 check caught a regression the loose baseline alone would have missed
PASS space-in-path: a root path containing a space errors instead of silently undercounting
PASS git-unresolvable-ref: unresolvable HEAD~1 skipped instead of failing every row
PASS git-clean-picks-head1: clean tree compared HEAD against HEAD~1 and caught the regression
PASS git-dirty-picks-head: dirty tree compared against HEAD rather than HEAD~1
PASS git-new-row: a row this commit adds is not failed against a commit that never tracked it
PASS git-new-row-then-checked: once the reference commit tracks the row, a rise fails
test_ratchet: all checks passed
ok   clean fixture: every row is 0
ok   clean fixture passes the gate
ok   ct_or_string_types goes red
ok   sentinel_answers goes red
ok   pub_let_mut_unlisted goes red
ok   typename_compares goes red
ok   no_infer goes red
ok   layout_outside_layer goes red
ok   single_producer goes red (twin)
ok   import_dag goes red
ok   import_dag goes red through lint_import_dag.sh
ok   unparse_import_emitter goes red
ok   unparse_import_driver goes red
ok   unparse_import_stdlib goes red
ok   fn_length goes red
ok   br_ids_in_source goes red
ok   untested_pub_fns goes red
ok   pub_let_mut_new: eight allowlisted globals pass
ok   pub_let_mut_new goes red at nine
ok   flat debt passes and is marked DEBT
ok   rise above the previous commit fails as UP
ok   git: first commit with a lint script treats every row as new
ok   git: rise above a tracked previous-commit row fails as UP
ok   git: a row new in this commit is exempt from the previous-commit rule
test_lint_codegen: all checks pass
task: [gen0] ./scripts/gen0.sh
gen0: up to date (last-selfhost-before-codegen-rewrite @ fa181b49), nothing to do
gen1: ok gen0 compiles src/blinkc_main.bl
gen1: ok gen0 compiles src/cli.bl
gen1: built build/gen1/bin/blinkc and build/gen1/bin/blink
corpus: 1644 files, compiler build/gen1, 12 workers
corpus: pass 228
corpus: compile_fail 1394
corpus: run_fail 22
corpus: 228/1644 passed in 343s -> build/corpus.json
corpus: failing files:
  compile_fail tests/test_08a267_spread_list_elem_type.bl: internal compiler error[ElementScanNotLowered]: a scan that compares each element has no lowering here
  compile_fail tests/test_0a8q5h_list_option_compound_coalesce.bl: internal compiler error[UnspellableExprType]: expression has no C layout: unbound metavariable
  compile_fail tests/test_0defe0_option_result_tuple_signature.bl: error: C compilation failed
  compile_fail tests/test_0dphma_reserved_type_name.bl: internal compiler error[ElementScanNotLowered]: a scan that compares each element has no lowering here
  compile_fail tests/test_0dtbe6_ptr_deref_pointee_type.bl: internal compiler error[ElementScanNotLowered]: a scan that compares each element has no lowering here
  compile_fail tests/test_0e7dek_mut_captured_struct_cell.bl: error: C compilation failed
  compile_fail tests/test_0mvayd_bare_structstyle_subfield_binder.bl: internal compiler error[ElementScanNotLowered]: a scan that compares each element has no lowering here
  compile_fail tests/test_0n07he_tail_position_generic_arg_tid.bl: error: C compilation failed
  compile_fail tests/test_0qesjg_construction_head.bl: internal compiler error[ElementScanNotLowered]: a scan that compares each element has no lowering here
  compile_fail tests/test_0sh55p_mono_kops_tuple_struct_key.bl: internal compiler error[CodegenStageNotBuilt]: cg_call closure values and compiler-provided calls is not built in this compiler
  compile_fail tests/test_1452w4_map_struct_instance_value.bl: internal compiler error[CodegenStageNotBuilt]: cg_call closure values and compiler-provided calls is not built in this compiler
  compile_fail tests/test_1452w4_nested_repassed.bl: error: C compilation failed
  compile_fail tests/test_1452w4_option_struct_instance_carrier.bl: error: C compilation failed
  compile_fail tests/test_1452w4_result_struct_instance_carrier.bl: error: C compilation failed
  compile_fail tests/test_177cse_fn_return_tparam_bind.bl: internal compiler error[CaptureMutabilityNotRecorded]: closure captures 'x', bound where codegen records no mutability, and a binding that might be shared has no cell yet
  compile_fail tests/test_179pbm_err_compound_ok_side.bl: error: C compilation failed
  compile_fail tests/test_19pv5h_match_tuple_struct_elem.bl: error: C compilation failed
  compile_fail tests/test_1b7ggq_await_operand_resolved.bl: internal compiler error[CodegenStageNotBuilt]: cg_call closure values and compiler-provided calls is not built in this compiler
  compile_fail tests/test_1cbje8_generic_structstyle_variant_field_binder.bl: internal compiler error[ElementScanNotLowered]: a scan that compares each element has no lowering here
  compile_fail tests/test_1g6frv_carrier_map_payload_value_struct.bl: internal compiler error[CodegenStageNotBuilt]: cg_call closure values and compiler-provided calls is not built in this compiler
  compile_fail tests/test_1km627_ok_result_of_result.bl: error: C compilation failed
  compile_fail tests/test_1km627b_tuple_leaf_nested_result.bl: error: C compilation failed
  compile_fail tests/test_1mw2c3_container_handler_carrier.bl: internal compiler error[ElementScanNotLowered]: a scan that compares each element has no lowering here
  compile_fail tests/test_1n9fhg_list_named_elem_iterator.bl: internal compiler error[AllocationSizeNotInIr]: 'scope.alloc_n' must say how many bytes its pointee takes, and no IR node carries a size
  compile_fail tests/test_23tfxg_tuple_arg_mono_name.bl: internal compiler error[ElementScanNotLowered]: a scan that compares each element has no lowering here
  compile_fail tests/test_264p4n_none_enum_variant_field_carrier.bl: internal compiler error[StructLiteralFieldMissing]: the literal gives no value for field 'QueryError' and the field has no default
  compile_fail tests/test_28p675_match_user_enum_in_result.bl: internal compiler error[CodegenStageNotBuilt]: a nested pattern inside a variant payload is not built in this compiler
  compile_fail tests/test_295z9x_generic_tuple_option_body_return.bl: internal compiler error[NameNotBound]: 'upd' is neither a typed binder in scope nor a module global
  compile_fail tests/test_295z9x_generic_tuple_option_enum_return.bl: internal compiler error[NameNotBound]: 'z9_upd' is neither a typed binder in scope nor a module global
  compile_fail tests/test_296hpm_void_let_binding.bl: internal compiler error[SharedMutableCaptureNotLowered]: closure captures 'm', which the enclosing function can assign, and a shared mutable binding has no cell yet
  compile_fail tests/test_2b7rgc_generic_enum_tuple_payload.bl: internal compiler error[ElementScanNotLowered]: a scan that compares each element has no lowering here
  compile_fail tests/test_2bd4aa_nested_result_carrier.bl: error: C compilation failed
  compile_fail tests/test_2cp4qn_with_resource_context_tid.bl: internal compiler error[CodegenStageNotBuilt]: cg_call intrinsic 'fs.errno' is not built in this compiler
  compile_fail tests/test_2dxj04_bytes_new_infer.bl: internal compiler error[ElementScanNotLowered]: a scan that compares each element has no lowering here
  compile_fail tests/test_2ew5dp_arm_value_pattern_binder.bl: internal compiler error[CodegenStageNotBuilt]: a match on this pattern shape is not built in this compiler
  compile_fail tests/test_2qndy2_module_qualified_carrier_return.bl: internal compiler error[ElementScanNotLowered]: a scan that compares each element has no lowering here
  compile_fail tests/test_2r96m9_bytes_static_intrinsic_tid.bl: internal compiler error[ElementScanNotLowered]: a scan that compares each element has no lowering here
  compile_fail tests/test_31m9f0_iter_map_output_elem.bl: error: C compilation failed
  compile_fail tests/test_31m9f0_struct_lit_field_value_tid.bl: internal compiler error[ElementScanNotLowered]: a scan that compares each element has no lowering here
  compile_fail tests/test_365fqj_field_typevar_subst.bl: internal compiler error[CodegenStageNotBuilt]: cg_call closure values and compiler-provided calls is not built in this compiler
  compile_fail tests/test_36vhhw_fn_type_generic_struct.bl: internal compiler error[AllocationSizeNotInIr]: 'scope.alloc_n' must say how many bytes its pointee takes, and no IR node carries a size
  compile_fail tests/test_37h7n3_map_field_value_type.bl: internal compiler error[CodegenStageNotBuilt]: cg_call closure values and compiler-provided calls is not built in this compiler
  compile_fail tests/test_3ahkvq_none_call_arg_struct.bl: error: C compilation failed
  compile_fail tests/test_3c4g71_match_arm_pattern_binding_tid.bl: internal compiler error[ElementScanNotLowered]: a scan that compares each element has no lowering here
  compile_fail tests/test_3dpshm_generic_fn_ret_only_tparam.bl: internal compiler error[ElementScanNotLowered]: a scan that compares each element has no lowering here
  compile_fail tests/test_3dpshm_unresolved_method_receiver_type.bl: internal compiler error[ElementScanNotLowered]: a scan that compares each element has no lowering here
  compile_fail tests/test_3f05zr_nested_selfrec_destructure.bl: internal compiler error[ElementScanNotLowered]: a scan that compares each element has no lowering here
  compile_fail tests/test_3fmk4k_direct_map_struct_key_return.bl: internal compiler error[CodegenStageNotBuilt]: cg_derive for @derive(Hash) on the generic type 'Box' is not built in this compiler
  compile_fail tests/test_3hggdm_nested_option_opaque_carriers.bl: internal compiler error[ElementScanNotLowered]: a scan that compares each element has no lowering here
  compile_fail tests/test_3kswg7_field_receiver_closure_hint.bl: internal compiler error[ElementScanNotLowered]: a scan that compares each element has no lowering here
  compile_fail tests/test_3nf9fr_option_unwrap_pointer_inner.bl: internal compiler error[ElementScanNotLowered]: a scan that compares each element has no lowering here
  compile_fail tests/test_3xd320_result_sized_int_carrier.bl: internal compiler error[AllocationSizeNotInIr]: 'scope.alloc_n' must say how many bytes its pointee takes, and no IR node carries a size
  compile_fail tests/test_3xvjcy_scalar_field_chain.bl: error: C compilation failed
  compile_fail tests/test_3z72k1_async_unannotated_compound_spawn.bl: internal compiler error[CodegenStageNotBuilt]: cg_call intrinsic 'async.spawn' is not built in this compiler
  compile_fail tests/test_41v64m_selfrec_tuple_field.bl: internal compiler error[ElementScanNotLowered]: a scan that compares each element has no lowering here
  compile_fail tests/test_44x9qw_enum_carrier_payload_typedef_order.bl: internal compiler error[ElementScanNotLowered]: a scan that compares each element has no lowering here
  compile_fail tests/test_44xww4_enumerate_zip_compound.bl: internal compiler error[CodegenStageNotBuilt]: cg_call methods: List.enumerate is not built in this compiler
  compile_fail tests/test_4c3gts_poly_impl_compound_element.bl: internal compiler error[ElementScanNotLowered]: a scan that compares each element has no lowering here
  compile_fail tests/test_4pq24b_list_pattern_carrier_subpattern.bl: internal compiler error[ElementScanNotLowered]: a scan that compares each element has no lowering here
  compile_fail tests/test_4vrmqe_bool_arith_rejected.bl: error: C compilation failed
  compile_fail tests/test_4zjmpb_capture_cell_carrier_inner.bl: internal compiler error[CodegenStageNotBuilt]: cg_call closure values and compiler-provided calls is not built in this compiler
  compile_fail tests/test_51fhf5_non_exhaustive_match_backstop.bl: internal compiler error[CodegenStageNotBuilt]: a match with no arm that is guaranteed to run is not built in this compiler
  compile_fail tests/test_53qv3v_generic_selfrec_tuple_pattern.bl: internal compiler error[ElementScanNotLowered]: a scan that compares each element has no lowering here
  compile_fail tests/test_54rp9j_map_values_nested_elem.bl: internal compiler error[CodegenStageNotBuilt]: cg_call closure values and compiler-provided calls is not built in this compiler
  compile_fail tests/test_597kj0_option_closure_carrier.bl: error: C compilation failed
  compile_fail tests/test_59bnez_no_ensure_kops_rebind.bl: internal compiler error[ElementScanNotLowered]: a scan that compares each element has no lowering here
  compile_fail tests/test_59nka2_fs_error_display_not_found.bl: internal compiler error[CodegenStageNotBuilt]: cg_call intrinsic 'fs.errno' is not built in this compiler
  compile_fail tests/test_5da0ce_generic_result_param_infer.bl: error: C compilation failed
  compile_fail tests/test_5g4enc_listmap_carrier_boundary.bl: internal compiler error[MapSlotMethodNotLowered]: 'Map.get' takes a value back out of the slot beside the key, and no node wraps it
  compile_fail tests/test_5g4enc_tuple_map_element_boundary.bl: internal compiler error[MapSlotMethodNotLowered]: 'Map.get' takes a value back out of the slot beside the key, and no node wraps it
  compile_fail tests/test_5gjp2m_collapsed_nested_pattern.bl: internal compiler error[CodegenStageNotBuilt]: a nested pattern inside a variant payload is not built in this compiler
  compile_fail tests/test_5htahp_concrete_field_return_mono.bl: internal compiler error[ElementScanNotLowered]: a scan that compares each element has no lowering here
  compile_fail tests/test_5kerq0_expr_nested_match_binder.bl: internal compiler error[CodegenStageNotBuilt]: a match on this pattern shape is not built in this compiler
  compile_fail tests/test_5q88kv_selfrec_field_via_match_some_binder.bl: internal compiler error[ElementScanNotLowered]: a scan that compares each element has no lowering here
  compile_fail tests/test_5tfn7m_return_handler_body_walk.bl: internal compiler error[ElementScanNotLowered]: a scan that compares each element has no lowering here
  compile_fail tests/test_637sy9_tuple_struct_instance_element.bl: error: C compilation failed
  compile_fail tests/test_66g7ep_libc_member_suggest.bl: internal compiler error[ElementScanNotLowered]: a scan that compares each element has no lowering here
  compile_fail tests/test_6a1td7_undeclared_typevar_type_name.bl: internal compiler error[ElementScanNotLowered]: a scan that compares each element has no lowering here
  compile_fail tests/test_6c5g5y_debug_list_enum_field.bl: internal compiler error[CodegenStageNotBuilt]: cg_call methods: Struct.debug is not built in this compiler
  compile_fail tests/test_6cvvh8_struct_mono_target_seams.bl: internal compiler error[ElementScanNotLowered]: a scan that compares each element has no lowering here
  compile_fail tests/test_6d1913_option_result_tagfirst.bl: internal compiler error[ElementScanNotLowered]: a scan that compares each element has no lowering here
  compile_fail tests/test_6g6g7t_list_tuple_elem_chained.bl: internal compiler error[CodegenStageNotBuilt]: cg_call closure values and compiler-provided calls is not built in this compiler
  compile_fail tests/test_6kqgnp_map_tuple_elem.bl: internal compiler error[CodegenStageNotBuilt]: cg_call closure values and compiler-provided calls is not built in this compiler
  compile_fail tests/test_6ph073_set_field_ctor_kops.bl: internal compiler error[CodegenStageNotBuilt]: cg_call closure values and compiler-provided calls is not built in this compiler
  compile_fail tests/test_6q3q7e_bh_context_binder_tid.bl: internal compiler error[ElementScanNotLowered]: a scan that compares each element has no lowering here
  compile_fail tests/test_6q5mz2_option_struct_tuple_tid.bl: error: C compilation failed
  compile_fail tests/test_6zmspt_struct_param_bind.bl: error: C compilation failed
  compile_fail tests/test_6zrkwk_qualified_variant_arity.bl: internal compiler error[ElementScanNotLowered]: a scan that compares each element has no lowering here
  compile_fail tests/test_705b70_generic_compound_carrier_return.bl: internal compiler error[CodegenStageNotBuilt]: cg_call closure values and compiler-provided calls is not built in this compiler
  compile_fail tests/test_75224b_erased_ue_option_aggregate.bl: internal compiler error[ElementScanNotLowered]: a scan that compares each element has no lowering here
  compile_fail tests/test_78ejj5_alias_return_tail.bl: error: C compilation failed
  compile_fail tests/test_7983tp_fn_return_list_result_map_carrier.bl: internal compiler error[CodegenStageNotBuilt]: cg_call closure values and compiler-provided calls is not built in this compiler
  compile_fail tests/test_7b1t5a_map_for_in.bl: internal compiler error[CodegenStageNotBuilt]: cg_call closure values and compiler-provided calls is not built in this compiler
  compile_fail tests/test_7b1t5a_set_for_in.bl: internal compiler error[CodegenStageNotBuilt]: cg_call closure values and compiler-provided calls is not built in this compiler
  compile_fail tests/test_7cctdq_ffi_opaque_lower.bl: internal compiler error[ElementScanNotLowered]: a scan that compares each element has no lowering here
  compile_fail tests/test_7cq6w2_stringbuilder_type.bl: internal compiler error[CodegenStageNotBuilt]: cg_call closure values and compiler-provided calls is not built in this compiler
  compile_fail tests/test_7pfhc9_underscore_struct_in_result.bl: error: C compilation failed
  compile_fail tests/test_7q3aj0_subset_variant_enum.bl: internal compiler error[StructLiteralFieldMissing]: the literal gives no value for field 'First' and the field has no default
  compile_fail tests/test_7s0vaj_nested_compound_ctor.bl: internal compiler error[CodegenStageNotBuilt]: cg_call closure values and compiler-provided calls is not built in this compiler
  compile_fail tests/test_7s0wjh_intermediate_let_nested_list.bl: internal compiler error[CodegenStageNotBuilt]: cg_call closure values and compiler-provided calls is not built in this compiler
  compile_fail tests/test_7w15qq_opaque_audit_option_wrapper.bl: internal compiler error[ElementScanNotLowered]: a scan that compares each element has no lowering here
  compile_fail tests/test_811c4b_result_set_unwrap_elem.bl: internal compiler error[CodegenStageNotBuilt]: cg_call closure values and compiler-provided calls is not built in this compiler
  compile_fail tests/test_82ajft_enum_instance_return.bl: error: C compilation failed
  compile_fail tests/test_82ajft_generic_fn_over_enum.bl: error: C compilation failed
  compile_fail tests/test_83hrmr_arith_numeric.bl: internal compiler error[ElementScanNotLowered]: a scan that compares each element has no lowering here
  compile_fail tests/test_859wey_channel_ctor_elem_type.bl: internal compiler error[CodegenStageNotBuilt]: cg_call methods: Channel.send is not built in this compiler
  compile_fail tests/test_85j3j8_list_tuple_elem_through_call.bl: internal compiler error[CodegenStageNotBuilt]: cg_call closure values and compiler-provided calls is not built in this compiler
  compile_fail tests/test_86kqrf_list_container_elem_call_rebind.bl: internal compiler error[CodegenStageNotBuilt]: cg_call closure values and compiler-provided calls is not built in this compiler
  compile_fail tests/test_88sfaz_handler_effect_identity.bl: internal compiler error[ElementScanNotLowered]: a scan that compares each element has no lowering here
  compile_fail tests/test_8eyjjf_qualified_structstyle_subfield_gate.bl: internal compiler error[ElementScanNotLowered]: a scan that compares each element has no lowering here
  compile_fail tests/test_8tk637_variant_arity.bl: internal compiler error[ElementScanNotLowered]: a scan that compares each element has no lowering here
  compile_fail tests/test_8tphh5_unconstrained_result_slot.bl: internal compiler error[ElementScanNotLowered]: a scan that compares each element has no lowering here
  compile_fail tests/test_8vc88v_struct_pattern_field_binder_typed.bl: internal compiler error[ElementScanNotLowered]: a scan that compares each element has no lowering here
  compile_fail tests/test_8vnjrm_tuple_enum_element_carrier.bl: internal compiler error[NameNotBound]: 'Quit' is neither a typed binder in scope nor a module global
  compile_fail tests/test_8wnm1c_struct_field_generic_option_carrier.bl: internal compiler error[CodegenStageNotBuilt]: cg_call methods: List.find is not built in this compiler
  compile_fail tests/test_8wyq1k_generic_ret_struct.bl: error: C compilation failed
  compile_fail tests/test_8zdwqy_cross_module_instance_binder.bl: error: C compilation failed
  compile_fail tests/test_90c0fz_match_value_field_access_zero_arm.bl: error: C compilation failed
  compile_fail tests/test_91j9fw_box_map_slot.bl: internal compiler error[ElementScanNotLowered]: a scan that compares each element has no lowering here
  compile_fail tests/test_9ce8nr_option_sized_int_unwrap.bl: internal compiler error[AllocationSizeNotInIr]: 'scope.alloc_n' must say how many bytes its pointee takes, and no IR node carries a size
  compile_fail tests/test_9ewta2_enum_payload_field_value_infer.bl: internal compiler error[ElementScanNotLowered]: a scan that compares each element has no lowering here
  compile_fail tests/test_9g2p3j_positional_enum_payloads.bl: error: C compilation failed
  compile_fail tests/test_9jz9vk_opaque_audit_body_mint.bl: internal compiler error[ElementScanNotLowered]: a scan that compares each element has no lowering here
  compile_fail tests/test_9md3r1_qualified_variant_structlit.bl: internal compiler error[ElementScanNotLowered]: a scan that compares each element has no lowering here
  compile_fail tests/test_9myrp2_compound_inner_tid_path.bl: internal compiler error[CodegenStageNotBuilt]: cg_call closure values and compiler-provided calls is not built in this compiler
  compile_fail tests/test_9qz1k6_map_forin_pair_compound_value.bl: internal compiler error[CodegenStageNotBuilt]: cg_call closure values and compiler-provided calls is not built in this compiler
  compile_fail tests/test_9s68gm_list_slice_append_elem_meta.bl: error: C compilation failed
  compile_fail tests/test_9tmsmt_with_ptr_match_body.bl: error: C compilation failed
  compile_fail tests/test_9vnfsa_underscore_tuple_rejected.bl: internal compiler error[ElementScanNotLowered]: a scan that compares each element has no lowering here
  compile_fail tests/test_9z9xx9_opaque_let_decl_no_const.bl: internal compiler error[ElementScanNotLowered]: a scan that compares each element has no lowering here
  compile_fail tests/test_a1cx6d_match_binder_container_elem.bl: internal compiler error[CodegenStageNotBuilt]: cg_call closure values and compiler-provided calls is not built in this compiler
  compile_fail tests/test_adt_forward_ref.bl: error: C compilation failed
  compile_fail tests/test_ajnk77_archive_trap_catchable.bl: internal compiler error[ElementScanNotLowered]: a scan that compares each element has no lowering here
  compile_fail tests/test_alias_hop_self_reference_guard.bl: internal compiler error[ElementScanNotLowered]: a scan that compares each element has no lowering here
  compile_fail tests/test_all_arms_diverge_match_in_struct_field_value.bl: internal compiler error[ElementScanNotLowered]: a scan that compares each element has no lowering here
  compile_fail tests/test_ambiguous_poly_impl_list_method.bl: internal compiler error[ElementScanNotLowered]: a scan that compares each element has no lowering here
  compile_fail tests/test_anaqc3_deferring_tuple_elem.bl: internal compiler error[CodegenStageNotBuilt]: cg_call closure values and compiler-provided calls is not built in this compiler
  compile_fail tests/test_anaqc3_option_result_tuple_elem.bl: error: C compilation failed
  compile_fail tests/test_annotated_global_initializer_types.bl: internal compiler error[CodegenStageNotBuilt]: cg_call closure values and compiler-provided calls is not built in this compiler
  compile_fail tests/test_arena_clause3_composition.bl: internal compiler error[UnhandledExprKind]: expression kind WithBlock has no lowering
  compile_fail tests/test_arena_clause6_resource.bl: internal compiler error[ElementScanNotLowered]: a scan that compares each element has no lowering here
  compile_fail tests/test_arena_closeable_escape.bl: internal compiler error[ElementScanNotLowered]: a scan that compares each element has no lowering here
  compile_fail tests/test_arena_e0700_target.bl: internal compiler error[ElementScanNotLowered]: a scan that compares each element has no lowering here
  compile_fail tests/test_arena_escape_negative.bl: internal compiler error[ElementScanNotLowered]: a scan that compares each element has no lowering here
  compile_fail tests/test_arena_escape_positive.bl: internal compiler error[ElementScanNotLowered]: a scan that compares each element has no lowering here
  compile_fail tests/test_arena_interp_capture_divergence.bl: internal compiler error[UnhandledExprKind]: expression kind WithBlock has no lowering
  compile_fail tests/test_arena_io_println_interp.bl: internal compiler error[ElementScanNotLowered]: a scan that compares each element has no lowering here
  compile_fail tests/test_arena_no_effect_leak.bl: internal compiler error[ElementScanNotLowered]: a scan that compares each element has no lowering here
  compile_fail tests/test_arena_promote_basic.bl: internal compiler error[UnhandledExprKind]: expression kind WithBlock has no lowering
  compile_fail tests/test_arena_promote_cycle.bl: internal compiler error[ElementScanNotLowered]: a scan that compares each element has no lowering here
  compile_fail tests/test_arena_promote_list_payloadless_enum_segfault.bl: internal compiler error[ElementScanNotLowered]: a scan that compares each element has no lowering here
  compile_fail tests/test_arena_promote_nested.bl: internal compiler error[UnhandledExprKind]: expression kind WithBlock has no lowering
  compile_fail tests/test_arena_promote_nested_arena.bl: internal compiler error[UnhandledExprKind]: expression kind WithBlock has no lowering
  compile_fail tests/test_arena_promote_offgrammar_carrier_rejected.bl: internal compiler error[ElementScanNotLowered]: a scan that compares each element has no lowering here
  compile_fail tests/test_arena_promote_option_payloadless_enum.bl: internal compiler error[ElementScanNotLowered]: a scan that compares each element has no lowering here
  compile_fail tests/test_arena_promote_result_option.bl: internal compiler error[UnhandledExprKind]: expression kind WithBlock has no lowering
  run_fail tests/test_arena_promote_trace.bl:   assertion failed: assert(out.contains("\"event\":\"arena.promote\""))
  compile_fail tests/test_arena_promoted_list_of_list_element_methods.bl: internal compiler error[ElementScanNotLowered]: a scan that compares each element has no lowering here
  compile_fail tests/test_arena_q5_escape_boundary.bl: internal compiler error[UnhandledExprKind]: expression kind WithBlock has no lowering
  compile_fail tests/test_as_pattern_nested_in_positional_enum_payload.bl: internal compiler error[ElementScanNotLowered]: a scan that compares each element has no lowering here
  compile_fail tests/test_as_pattern_transparent_newtype_variant_payload.bl: internal compiler error[ElementScanNotLowered]: a scan that compares each element has no lowering here
  compile_fail tests/test_assert_eq_struct.bl: internal compiler error[AssertCompareAggregateNotBuilt]: assert_eq over a struct, an enum, a Result or an Option has no lowering yet
  run_fail tests/test_assert_introspection.bl: test assert binop renders source text in failure ... FAIL
  compile_fail tests/test_assert_lazy_msg.bl: internal compiler error[CodegenStageNotBuilt]: an assignment to a place that is not a local is not built in this compiler
  compile_fail tests/test_assert_panics.bl: internal compiler error[UnhandledExprKind]: expression kind AssertPanics has no lowering
  compile_fail tests/test_assoc_type_contract.bl: internal compiler error[ElementScanNotLowered]: a scan that compares each element has no lowering here
  compile_fail tests/test_assoc_types.bl: internal compiler error[PrintValueNotText]: the io slot takes text, and a Int value has no rendering this stage can call
  compile_fail tests/test_ast_node_kind_name_spells_a_kind_not_an_int.bl: internal compiler error[AllocationSizeNotInIr]: 'scope.alloc_n' must say how many bytes its pointee takes, and no IR node carries a size
  compile_fail tests/test_async_basic.bl: internal compiler error[UnhandledExprKind]: expression kind AsyncScope has no lowering
  compile_fail tests/test_async_cancel.bl: internal compiler error[UnhandledExprKind]: expression kind AsyncScope has no lowering
  compile_fail tests/test_async_captures.bl: internal compiler error[CodegenStageNotBuilt]: cg_call intrinsic 'async.spawn' is not built in this compiler
  compile_fail tests/test_async_channels.bl: internal compiler error[CodegenStageNotBuilt]: cg_call intrinsic 'async.spawn' is not built in this compiler
  compile_fail tests/test_async_codegen.bl: internal compiler error[CodegenStageNotBuilt]: cg_call intrinsic 'async.spawn' is not built in this compiler
  compile_fail tests/test_async_e0650.bl: internal compiler error[CodegenStageNotBuilt]: cg_call intrinsic 'async.spawn' is not built in this compiler
  compile_fail tests/test_async_effects.bl: internal compiler error[UnhandledExprKind]: expression kind AsyncScope has no lowering
  compile_fail tests/test_async_multi.bl: internal compiler error[UnhandledExprKind]: expression kind AsyncScope has no lowering
  compile_fail tests/test_async_parse.bl: internal compiler error[UnhandledExprKind]: expression kind AsyncScope has no lowering
  compile_fail tests/test_async_scope.bl: internal compiler error[UnhandledExprKind]: expression kind AsyncScope has no lowering
  compile_fail tests/test_async_spawn_data_enum_await_unbox.bl: internal compiler error[ElementScanNotLowered]: a scan that compares each element has no lowering here
  compile_fail tests/test_async_spawn_inside_generic_fn.bl: internal compiler error[ElementScanNotLowered]: a scan that compares each element has no lowering here
  compile_fail tests/test_async_spawn_non_literal_closure_return_type.bl: internal compiler error[ElementScanNotLowered]: a scan that compares each element has no lowering here
  compile_fail tests/test_async_spawn_option_result_carrier_name.bl: internal compiler error[ElementScanNotLowered]: a scan that compares each element has no lowering here
  compile_fail tests/test_async_spawn_result_generic_struct_instance.bl: internal compiler error[ElementScanNotLowered]: a scan that compares each element has no lowering here
  compile_fail tests/test_async_spawn_types.bl: internal compiler error[CodegenStageNotBuilt]: cg_call intrinsic 'async.spawn' is not built in this compiler
  compile_fail tests/test_async_spawn_unannotated_body_local_tail_type.bl: internal compiler error[ElementScanNotLowered]: a scan that compares each element has no lowering here
  compile_fail tests/test_audit.bl: internal compiler error[CodegenStageNotBuilt]: an assignment to a place that is not a local is not built in this compiler
  compile_fail tests/test_audit_byte_pin.bl: internal compiler error[ElementScanNotLowered]: a scan that compares each element has no lowering here
  compile_fail tests/test_audit_byte_pin_scopes.bl: internal compiler error[ElementScanNotLowered]: a scan that compares each element has no lowering here
  compile_fail tests/test_await_struct_handle_from_container.bl: internal compiler error[ElementScanNotLowered]: a scan that compares each element has no lowering here
  compile_fail tests/test_axpq22_deref_pointee_signed.bl: internal compiler error[ElementScanNotLowered]: a scan that compares each element has no lowering here
  compile_fail tests/test_aznadc_err_payload_struct_ok_result.bl: error: C compilation failed
  compile_fail tests/test_b49srt_generic_struct_field_default.bl: internal compiler error[CodegenStageNotBuilt]: cg_call closure values and compiler-provided calls is not built in this compiler
  compile_fail tests/test_b522vj_method_c_type_str_tid.bl: internal compiler error[ElementScanNotLowered]: a scan that compares each element has no lowering here
  compile_fail tests/test_b7zdk3_list_option_map_element.bl: internal compiler error[CodegenStageNotBuilt]: cg_call closure values and compiler-provided calls is not built in this compiler
  compile_fail tests/test_b907wt_runtime_backed_type_fail_open.bl: internal compiler error[CodegenStageNotBuilt]: cg_call closure values and compiler-provided calls is not built in this compiler
  compile_fail tests/test_bare_container_impl_receiver_e0303.bl: internal compiler error[CodegenStageNotBuilt]: cg_call intrinsic 'fs.errno' is not built in this compiler
  compile_fail tests/test_bare_payloadless_variant_under_instance_annotation.bl: internal compiler error[ElementScanNotLowered]: a scan that compares each element has no lowering here
  compile_fail tests/test_bare_typevar_generic_fn_list_return_struct_element.bl: error: C compilation failed
  compile_fail tests/test_bare_variant_collisions.bl: internal compiler error[ElementScanNotLowered]: a scan that compares each element has no lowering here
  compile_fail tests/test_bbbwsx_list_option_struct_push.bl: internal compiler error[ElementScanNotLowered]: a scan that compares each element has no lowering here
  compile_fail tests/test_bc65cn_under_determined_sum_variant.bl: internal compiler error[ElementScanNotLowered]: a scan that compares each element has no lowering here
  compile_fail tests/test_bd4mg6_bare_typevar_carrier_over_instance.bl: error: C compilation failed
  compile_fail tests/test_bef42x_let_bound_list_compound_inner.bl: internal compiler error[CodegenStageNotBuilt]: cg_call closure values and compiler-provided calls is not built in this compiler
  compile_fail tests/test_bench_smoke.bl: internal compiler error[UnhandledExprKind]: expression kind WithBlock has no lowering
  compile_fail tests/test_bf0jnj_from_str_direct_match.bl: internal compiler error[ElementScanNotLowered]: a scan that compares each element has no lowering here
  compile_fail tests/test_bfq7nf_block_ident_tail_tid.bl: internal compiler error[ElementScanNotLowered]: a scan that compares each element has no lowering here
  compile_fail tests/test_bgenc2_forin_binder_container_elem.bl: internal compiler error[CodegenStageNotBuilt]: cg_call closure values and compiler-provided calls is not built in this compiler
  compile_fail tests/test_blink_cache_cli.bl: error: C compilation failed
  compile_fail tests/test_block_handler.bl: internal compiler error[CodegenStageNotBuilt]: a BlockHandler resource's cleanup is not built in this compiler
  compile_fail tests/test_block_scope_shadow_hashed_reader_key_type.bl: internal compiler error[ElementScanNotLowered]: a scan that compares each element has no lowering here
  compile_fail tests/test_blockhandler_in_effect_fn.bl: internal compiler error[CodegenStageNotBuilt]: cg_call methods: Template.parts is not built in this compiler
  compile_fail tests/test_bn3e6j_forin_binder_ctype_from_tid.bl: internal compiler error[CodegenStageNotBuilt]: cg_call closure values and compiler-provided calls is not built in this compiler
  compile_fail tests/test_boxed_typevar_set_empty_ctor_kops.bl: internal compiler error[CodegenStageNotBuilt]: cg_call closure values and compiler-provided calls is not built in this compiler
  compile_fail tests/test_braceless_diverging_arm_keeps_sibling_value.bl: error: C compilation failed
  compile_fail tests/test_braceless_statement_arm_body_runs.bl: internal compiler error[CodegenStageNotBuilt]: an assignment to a place that is not a local is not built in this compiler
  compile_fail tests/test_branch_unification.bl: internal compiler error[ElementScanNotLowered]: a scan that compares each element has no lowering here
  run_fail tests/test_brvx89_qualified_skip.bl:   assertion failed: assert(run.out.contains("\"status\":\"skipped\""))
  compile_fail tests/test_bshj6h_mono_closeable_cleanup.bl: internal compiler error[CodegenStageNotBuilt]: a Closeable resource's cleanup is not built in this compiler
  compile_fail tests/test_build_warm_cold.bl: error: C compilation failed
  compile_fail tests/test_builtin_arg_types_ok.bl: internal compiler error[ElementScanNotLowered]: a scan that compares each element has no lowering here
  compile_fail tests/test_builtin_method_intrinsics.bl: internal compiler error[CodegenStageNotBuilt]: cg_call methods: StringBuilder.write_char is not built in this compiler
  compile_fail tests/test_bvh7qt_alias_in_tid_child_slot.bl: internal compiler error[CodegenStageNotBuilt]: cg_call closure values and compiler-provided calls is not built in this compiler
  compile_fail tests/test_bwyfy1_container_struct_instance_slot.bl: internal compiler error[CodegenStageNotBuilt]: cg_call closure values and compiler-provided calls is not built in this compiler
  compile_fail tests/test_bxva7r_nested_selfrec_tuple_field.bl: internal compiler error[ElementScanNotLowered]: a scan that compares each element has no lowering here
  compile_fail tests/test_bytes_with_ptr.bl: internal compiler error[CodegenStageNotBuilt]: cg_call methods: Ptr.addr is not built in this compiler
  compile_fail tests/test_bytes_with_ptr_closure_param_deref.bl: internal compiler error[ElementScanNotLowered]: a scan that compares each element has no lowering here
  compile_fail tests/test_bytes_with_ptr_errors.bl: internal compiler error[ElementScanNotLowered]: a scan that compares each element has no lowering here
  compile_fail tests/test_byval_carrier_capture_boxed.bl: internal compiler error[BoxedCaptureNotLowered]: closure captures 'c', whose value does not fit a capture word and needs a heap box no stage allocates yet
  compile_fail tests/test_c2gn5z_whole_tuple_match_binder.bl: internal compiler error[ElementScanNotLowered]: a scan that compares each element has no lowering here
  compile_fail tests/test_c5zj1t_unify_binds_single_child_kinds.bl: internal compiler error[ElementScanNotLowered]: a scan that compares each element has no lowering here
  compile_fail tests/test_c_reserved_names.bl: internal compiler error[CodegenStageNotBuilt]: cg_call closure values and compiler-provided calls is not built in this compiler
  compile_fail tests/test_call_result_as_callee_inline.bl: error: C compilation failed
  compile_fail tests/test_carrier_enum_name_disambiguation.bl: error: C compilation failed
  compile_fail tests/test_carrier_inner_byvalue_consumers.bl: error: C compilation failed
  compile_fail tests/test_carrier_inner_generic_instance_inside_generic_struct.bl: internal compiler error[ElementScanNotLowered]: a scan that compares each element has no lowering here
  compile_fail tests/test_carrier_payload_into_target_type.bl: internal compiler error[CodegenStageNotBuilt]: cg_call methods: Int.into is not built in this compiler
  compile_fail tests/test_cb33pr_compound_map_value_no_floor.bl: internal compiler error[CodegenStageNotBuilt]: cg_call closure values and compiler-provided calls is not built in this compiler
  compile_fail tests/test_cg_call_alloc_assignment_position.bl: internal compiler error[CodegenStageNotBuilt]: cg_call closure values and compiler-provided calls is not built in this compiler
  compile_fail tests/test_cg_call_bare_name_follows_call_site_decl.bl: internal compiler error[CodegenStageNotBuilt]: cg_call closure values and compiler-provided calls is not built in this compiler
  compile_fail tests/test_cg_call_bare_self_named_variant.bl: internal compiler error[CodegenStageNotBuilt]: cg_call closure values and compiler-provided calls is not built in this compiler
  compile_fail tests/test_cg_call_builtin_free_fns.bl: internal compiler error[CodegenStageNotBuilt]: cg_call closure values and compiler-provided calls is not built in this compiler
  compile_fail tests/test_cg_call_builtin_methods.bl: internal compiler error[CodegenStageNotBuilt]: cg_call closure values and compiler-provided calls is not built in this compiler
  compile_fail tests/test_cg_call_carrier_methods.bl: internal compiler error[CodegenStageNotBuilt]: cg_call closure values and compiler-provided calls is not built in this compiler
  compile_fail tests/test_cg_call_carrier_panic_renders_payload.bl: internal compiler error[CodegenStageNotBuilt]: cg_call closure values and compiler-provided calls is not built in this compiler
  compile_fail tests/test_cg_call_char_from_code_point.bl: internal compiler error[CodegenStageNotBuilt]: cg_call closure values and compiler-provided calls is not built in this compiler
  compile_fail tests/test_cg_call_derived_method_dispatch.bl: internal compiler error[CodegenStageNotBuilt]: cg_call closure values and compiler-provided calls is not built in this compiler
  compile_fail tests/test_cg_call_element_reads.bl: internal compiler error[CodegenStageNotBuilt]: cg_call closure values and compiler-provided calls is not built in this compiler
  compile_fail tests/test_cg_call_element_slot_word.bl: internal compiler error[CodegenStageNotBuilt]: cg_call closure values and compiler-provided calls is not built in this compiler
  compile_fail tests/test_cg_call_enum_variant_constructor.bl: internal compiler error[CodegenStageNotBuilt]: cg_call closure values and compiler-provided calls is not built in this compiler
  compile_fail tests/test_cg_call_equality_dispatch.bl: internal compiler error[CodegenStageNotBuilt]: cg_call closure values and compiler-provided calls is not built in this compiler
  compile_fail tests/test_cg_call_ffi_scope.bl: internal compiler error[CodegenStageNotBuilt]: cg_call closure values and compiler-provided calls is not built in this compiler
  compile_fail tests/test_cg_call_for_in_iteration.bl: internal compiler error[CodegenStageNotBuilt]: cg_call closure values and compiler-provided calls is not built in this compiler
  compile_fail tests/test_cg_call_generic_dispatch.bl: internal compiler error[CodegenStageNotBuilt]: cg_call closure values and compiler-provided calls is not built in this compiler
  compile_fail tests/test_cg_call_intrinsic_io_env.bl: internal compiler error[CodegenStageNotBuilt]: cg_call closure values and compiler-provided calls is not built in this compiler
  compile_fail tests/test_cg_call_keyed_container_methods.bl: internal compiler error[CodegenStageNotBuilt]: cg_call closure values and compiler-provided calls is not built in this compiler
  compile_fail tests/test_cg_call_list_hof_call.bl: internal compiler error[CodegenStageNotBuilt]: cg_call closure values and compiler-provided calls is not built in this compiler
  compile_fail tests/test_cg_call_list_methods.bl: internal compiler error[CodegenStageNotBuilt]: cg_call closure values and compiler-provided calls is not built in this compiler
  compile_fail tests/test_cg_call_module_qualified.bl: internal compiler error[CodegenStageNotBuilt]: cg_call closure values and compiler-provided calls is not built in this compiler
  compile_fail tests/test_cg_call_mono_instances.bl: internal compiler error[CodegenStageNotBuilt]: cg_call closure values and compiler-provided calls is not built in this compiler
  compile_fail tests/test_cg_call_namespace_module_fallthrough.bl: internal compiler error[CodegenStageNotBuilt]: cg_call closure values and compiler-provided calls is not built in this compiler
  compile_fail tests/test_cg_call_refusal_costs.bl: internal compiler error[CodegenStageNotBuilt]: cg_call closure values and compiler-provided calls is not built in this compiler
  compile_fail tests/test_cg_call_scalar_conversions.bl: internal compiler error[CodegenStageNotBuilt]: cg_call closure values and compiler-provided calls is not built in this compiler
  compile_fail tests/test_cg_call_seams.bl: internal compiler error[CodegenStageNotBuilt]: cg_call closure values and compiler-provided calls is not built in this compiler
  compile_fail tests/test_cg_call_static_constructors.bl: internal compiler error[CodegenStageNotBuilt]: cg_call closure values and compiler-provided calls is not built in this compiler
  compile_fail tests/test_cg_call_static_qualified_module_decl.bl: internal compiler error[CodegenStageNotBuilt]: cg_call closure values and compiler-provided calls is not built in this compiler
  compile_fail tests/test_cg_call_str_as_cstr.bl: internal compiler error[CodegenStageNotBuilt]: cg_call closure values and compiler-provided calls is not built in this compiler
  compile_fail tests/test_cg_call_type_qualifier_roles.bl: internal compiler error[CodegenStageNotBuilt]: cg_call closure values and compiler-provided calls is not built in this compiler
  compile_fail tests/test_cg_call_unclaimed_method_backstop.bl: internal compiler error[CodegenStageNotBuilt]: cg_call closure values and compiler-provided calls is not built in this compiler
  compile_fail tests/test_cg_closure_body_return_type.bl: internal compiler error[CodegenStageNotBuilt]: cg_call closure values and compiler-provided calls is not built in this compiler
  compile_fail tests/test_cg_decl_c_name_is_the_one_producer.bl: error[ImportNotSelected]: 'node_name' is not in scope — add it to the import list or use qualified access 'parser.node_name'
  compile_fail tests/test_cg_decl_declined_spelling_ices.bl: internal compiler error[CodegenStageNotBuilt]: cg_call closure values and compiler-provided calls is not built in this compiler
  compile_fail tests/test_cg_decl_effect_vtables.bl: internal compiler error[CodegenStageNotBuilt]: cg_call closure values and compiler-provided calls is not built in this compiler
  compile_fail tests/test_cg_decl_enum_and_keyword_field_spellings.bl: internal compiler error[CodegenStageNotBuilt]: cg_call closure values and compiler-provided calls is not built in this compiler
  compile_fail tests/test_cg_decl_ffi_binding_declarations.bl: internal compiler error[CodegenStageNotBuilt]: cg_call closure values and compiler-provided calls is not built in this compiler
  compile_fail tests/test_cg_decl_fn_signatures_and_globals.bl: internal compiler error[CodegenStageNotBuilt]: cg_call closure values and compiler-provided calls is not built in this compiler
  compile_fail tests/test_cg_decl_impl_method_declarations.bl: internal compiler error[CodegenStageNotBuilt]: cg_call closure values and compiler-provided calls is not built in this compiler
  compile_fail tests/test_cg_decl_module_globals_init.bl: internal compiler error[CodegenStageNotBuilt]: cg_call closure values and compiler-provided calls is not built in this compiler
  compile_fail tests/test_cg_decl_names_match_what_the_readers_spell.bl: internal compiler error[CodegenStageNotBuilt]: cg_call closure values and compiler-provided calls is not built in this compiler
  compile_fail tests/test_cg_decl_prologue_and_evidence_vector.bl: internal compiler error[CodegenStageNotBuilt]: cg_call closure values and compiler-provided calls is not built in this compiler
  compile_fail tests/test_cg_decl_typedef_order_follows_tid_graph.bl: internal compiler error[CodegenStageNotBuilt]: cg_call closure values and compiler-provided calls is not built in this compiler
  compile_fail tests/test_cg_declares_only_concrete_functions.bl: internal compiler error[CodegenStageNotBuilt]: cg_call closure values and compiler-provided calls is not built in this compiler
  compile_fail tests/test_cg_derive_clone_bodies.bl: internal compiler error[CodegenStageNotBuilt]: cg_call closure values and compiler-provided calls is not built in this compiler
  compile_fail tests/test_cg_derive_debug_bodies.bl: internal compiler error[CodegenStageNotBuilt]: cg_call closure values and compiler-provided calls is not built in this compiler
  compile_fail tests/test_cg_derive_eq_bodies.bl: internal compiler error[CodegenStageNotBuilt]: cg_call closure values and compiler-provided calls is not built in this compiler
  compile_fail tests/test_cg_derive_hash_bodies.bl: internal compiler error[CodegenStageNotBuilt]: cg_call closure values and compiler-provided calls is not built in this compiler
  compile_fail tests/test_cg_derive_kops_tables.bl: internal compiler error[CodegenStageNotBuilt]: cg_call closure values and compiler-provided calls is not built in this compiler
  compile_fail tests/test_cg_derive_ord_bodies.bl: internal compiler error[CodegenStageNotBuilt]: cg_call closure values and compiler-provided calls is not built in this compiler
  compile_fail tests/test_cg_driver_emits_derived_methods.bl: internal compiler error[CodegenStageNotBuilt]: cg_call closure values and compiler-provided calls is not built in this compiler
  compile_fail tests/test_cg_driver_homes_generic_instances.bl: internal compiler error[CodegenStageNotBuilt]: cg_call closure values and compiler-provided calls is not built in this compiler
  compile_fail tests/test_cg_eff_closure_captures_a_word_sized_local.bl: internal compiler error[CodegenStageNotBuilt]: cg_call closure values and compiler-provided calls is not built in this compiler
  compile_fail tests/test_cg_eff_closure_values.bl: internal compiler error[CodegenStageNotBuilt]: cg_call closure values and compiler-provided calls is not built in this compiler
  compile_fail tests/test_cg_eff_effect_perform.bl: internal compiler error[CodegenStageNotBuilt]: cg_call closure values and compiler-provided calls is not built in this compiler
  compile_fail tests/test_cg_eff_effect_slot_names.bl: internal compiler error[CodegenStageNotBuilt]: cg_call closure values and compiler-provided calls is not built in this compiler
  compile_fail tests/test_cg_eff_ev_argument.bl: internal compiler error[CodegenStageNotBuilt]: cg_call closure values and compiler-provided calls is not built in this compiler
  compile_fail tests/test_cg_eff_handler_install.bl: internal compiler error[CodegenStageNotBuilt]: cg_call closure values and compiler-provided calls is not built in this compiler
  compile_fail tests/test_cg_eff_thunk_drain.bl: internal compiler error[CodegenStageNotBuilt]: cg_call closure values and compiler-provided calls is not built in this compiler
  compile_fail tests/test_cg_eff_user_perform.bl: internal compiler error[CodegenStageNotBuilt]: cg_call closure values and compiler-provided calls is not built in this compiler
  compile_fail tests/test_cg_eff_with_resource_cleanup.bl: internal compiler error[CodegenStageNotBuilt]: cg_call closure values and compiler-provided calls is not built in this compiler
  compile_fail tests/test_cg_expr_aggregates.bl: internal compiler error[CodegenStageNotBuilt]: cg_call closure values and compiler-provided calls is not built in this compiler
  compile_fail tests/test_cg_expr_carriers.bl: internal compiler error[CodegenStageNotBuilt]: cg_call closure values and compiler-provided calls is not built in this compiler
  compile_fail tests/test_cg_expr_closure_dispatch.bl: internal compiler error[CodegenStageNotBuilt]: cg_call closure values and compiler-provided calls is not built in this compiler
  compile_fail tests/test_cg_expr_container_literal_slots.bl: internal compiler error[CodegenStageNotBuilt]: cg_call closure values and compiler-provided calls is not built in this compiler
  compile_fail tests/test_cg_expr_delegates_to_call_stage.bl: internal compiler error[CodegenStageNotBuilt]: cg_call closure values and compiler-provided calls is not built in this compiler
  compile_fail tests/test_cg_expr_generic_struct_spread_field_tid.bl: internal compiler error[CodegenStageNotBuilt]: cg_call closure values and compiler-provided calls is not built in this compiler
  compile_fail tests/test_cg_expr_ice_not_fallback.bl: internal compiler error[CodegenStageNotBuilt]: cg_call closure values and compiler-provided calls is not built in this compiler
  compile_fail tests/test_cg_expr_index_reads.bl: internal compiler error[CodegenStageNotBuilt]: cg_call closure values and compiler-provided calls is not built in this compiler
  compile_fail tests/test_cg_expr_interpolation.bl: internal compiler error[CodegenStageNotBuilt]: cg_call closure values and compiler-provided calls is not built in this compiler
  compile_fail tests/test_cg_expr_leaf_values.bl: internal compiler error[CodegenStageNotBuilt]: cg_call closure values and compiler-provided calls is not built in this compiler
  compile_fail tests/test_cg_expr_literals_and_idents.bl: internal compiler error[CodegenStageNotBuilt]: cg_call closure values and compiler-provided calls is not built in this compiler
  compile_fail tests/test_cg_expr_operators.bl: internal compiler error[CodegenStageNotBuilt]: cg_call closure values and compiler-provided calls is not built in this compiler
  compile_fail tests/test_cg_expr_orphan_free_refusals.bl: internal compiler error[CodegenStageNotBuilt]: cg_call closure values and compiler-provided calls is not built in this compiler
  compile_fail tests/test_cg_expr_pending_statements.bl: internal compiler error[CodegenStageNotBuilt]: cg_call closure values and compiler-provided calls is not built in this compiler
  compile_fail tests/test_cg_expr_test_body_propagation.bl: internal compiler error[CodegenStageNotBuilt]: cg_call closure values and compiler-provided calls is not built in this compiler
  compile_fail tests/test_cg_foreign_wrapper_bodies.bl: internal compiler error[CodegenStageNotBuilt]: cg_call closure values and compiler-provided calls is not built in this compiler
  compile_fail tests/test_cg_per_instance_matches_mono_registration.bl: internal compiler error[CodegenStageNotBuilt]: cg_call closure values and compiler-provided calls is not built in this compiler
  compile_fail tests/test_cg_print_container_spread.bl: error[ImportNotSelected]: 'SlotForm' is not in scope — add it to the import list or use qualified access 'layout.SlotForm'
  compile_fail tests/test_cg_print_every_kind.bl: internal compiler error[CodegenStageNotBuilt]: cg_call closure values and compiler-provided calls is not built in this compiler
  compile_fail tests/test_cg_print_fn_shapes.bl: internal compiler error[CodegenStageNotBuilt]: cg_call closure values and compiler-provided calls is not built in this compiler
  compile_fail tests/test_cg_print_hello_world.bl: internal compiler error[CodegenStageNotBuilt]: cg_call closure values and compiler-provided calls is not built in this compiler
  compile_fail tests/test_cg_print_inline_rule.bl: internal compiler error[CodegenStageNotBuilt]: cg_call closure values and compiler-provided calls is not built in this compiler
  compile_fail tests/test_cg_print_kops_table.bl: internal compiler error[CodegenStageNotBuilt]: cg_call closure values and compiler-provided calls is not built in this compiler
  compile_fail tests/test_cg_print_resource_guard.bl: error[ImportNotSelected]: 'SlotForm' is not in scope — add it to the import list or use qualified access 'layout.SlotForm'
  compile_fail tests/test_cg_reg_registries_index_decls_by_tid.bl: internal compiler error[CodegenStageNotBuilt]: cg_call closure values and compiler-provided calls is not built in this compiler
  compile_fail tests/test_cg_stmt_assert_lowering.bl: internal compiler error[CodegenStageNotBuilt]: cg_call closure values and compiler-provided calls is not built in this compiler
  compile_fail tests/test_cg_stmt_for_in_lowers_containers.bl: internal compiler error[CodegenStageNotBuilt]: cg_call closure values and compiler-provided calls is not built in this compiler
  compile_fail tests/test_cg_stmt_hoisted_statements_drain.bl: internal compiler error[CodegenStageNotBuilt]: cg_call closure values and compiler-provided calls is not built in this compiler
  compile_fail tests/test_cg_stmt_lowering_shapes.bl: internal compiler error[CodegenStageNotBuilt]: cg_call closure values and compiler-provided calls is not built in this compiler
  compile_fail tests/test_cg_stmt_unlowerable_let_stops.bl: internal compiler error[CodegenStageNotBuilt]: cg_call closure values and compiler-provided calls is not built in this compiler
  compile_fail tests/test_cg_stmt_value_position_materialise.bl: internal compiler error[CodegenStageNotBuilt]: cg_call closure values and compiler-provided calls is not built in this compiler
  compile_fail tests/test_cg_stmt_with_resource_protocol.bl: internal compiler error[CodegenStageNotBuilt]: cg_call closure values and compiler-provided calls is not built in this compiler
  compile_fail tests/test_cg_test_bodies.bl: internal compiler error[CodegenStageNotBuilt]: cg_call closure values and compiler-provided calls is not built in this compiler
  compile_fail tests/test_cg_unit_assembly_order.bl: internal compiler error[CodegenStageNotBuilt]: cg_call closure values and compiler-provided calls is not built in this compiler
  compile_fail tests/test_cg_unit_declaration_half_is_valid_c.bl: internal compiler error[CodegenStageNotBuilt]: cg_call closure values and compiler-provided calls is not built in this compiler
  compile_fail tests/test_cg_unit_definition_half.bl: internal compiler error[CodegenStageNotBuilt]: cg_call closure values and compiler-provided calls is not built in this compiler
  compile_fail tests/test_channel_alias_elem_tid.bl: internal compiler error[CodegenStageNotBuilt]: cg_call methods: Channel.send is not built in this compiler
  compile_fail tests/test_channel_container_element_depth_two.bl: internal compiler error[ElementScanNotLowered]: a scan that compares each element has no lowering here
  compile_fail tests/test_channel_element_type_not_back_inferred_from_send.bl: internal compiler error[ElementScanNotLowered]: a scan that compares each element has no lowering here
  compile_fail tests/test_channel_generic_elem_fallback_wrong_width.bl: internal compiler error[UnhandledIterable]: for-in over this iterable has no lowering yet
  compile_fail tests/test_channel_param.bl: internal compiler error[CodegenStageNotBuilt]: cg_call methods: Channel.send is not built in this compiler
  compile_fail tests/test_channel_toplevel.bl: internal compiler error[CodegenStageNotBuilt]: cg_call methods: Channel.send is not built in this compiler
  compile_fail tests/test_channels.bl: internal compiler error[CodegenStageNotBuilt]: cg_call methods: Channel.send is not built in this compiler
  compile_fail tests/test_char_conversions.bl: error: C compilation failed
  compile_fail tests/test_char_try_from.bl: error: C compilation failed
  compile_fail tests/test_cjtxxr_closure_field_call_signature.bl: internal compiler error[ElementScanNotLowered]: a scan that compares each element has no lowering here
  run_fail tests/test_cli_cascade_no_phantom_failures.bl: test one link-failing file among many does not cascade into phantom build errors ... FAIL
  compile_fail tests/test_closeable.bl: internal compiler error[CodegenStageNotBuilt]: a Closeable resource's cleanup is not built in this compiler
  compile_fail tests/test_closeable_early_exit.bl: internal compiler error[CodegenStageNotBuilt]: a Closeable resource's cleanup is not built in this compiler
  compile_fail tests/test_closeable_prelude.bl: internal compiler error[CodegenStageNotBuilt]: a Closeable resource's cleanup is not built in this compiler
  compile_fail tests/test_closure_arg_typevar_resolution_richer_types.bl: internal compiler error[ElementScanNotLowered]: a scan that compares each element has no lowering here
  compile_fail tests/test_closure_as_module_level_global.bl: internal compiler error[ElementScanNotLowered]: a scan that compares each element has no lowering here
  compile_fail tests/test_closure_call_arg_bare_err_struct_carrier.bl: internal compiler error[ElementScanNotLowered]: a scan that compares each element has no lowering here
  compile_fail tests/test_closure_call_return_container_element_type.bl: internal compiler error[CodegenStageNotBuilt]: cg_call closure values and compiler-provided calls is not built in this compiler
  compile_fail tests/test_closure_capture_aliased_set_promotion.bl: internal compiler error[ElementScanNotLowered]: a scan that compares each element has no lowering here
  compile_fail tests/test_closure_captured_map_tid.bl: internal compiler error[CodegenStageNotBuilt]: cg_call closure values and compiler-provided calls is not built in this compiler
  compile_fail tests/test_closure_captured_scalar_tid.bl: internal compiler error[BoxedCaptureNotLowered]: closure captures 'ratio', whose value does not fit a capture word and needs a heap box no stage allocates yet
  compile_fail tests/test_closure_captured_set.bl: internal compiler error[CodegenStageNotBuilt]: cg_call closure values and compiler-provided calls is not built in this compiler
  compile_fail tests/test_closure_captured_struct_field_read_keeps_type.bl: internal compiler error[CodegenStageNotBuilt]: cg_call closure values and compiler-provided calls is not built in this compiler
  compile_fail tests/test_closure_captured_struct_keyed_map_promote_kops.bl: internal compiler error[ElementScanNotLowered]: a scan that compares each element has no lowering here
  compile_fail tests/test_closure_captures.bl: internal compiler error[SharedMutableCaptureNotLowered]: closure captures 'counter', which the enclosing function can assign, and a shared mutable binding has no cell yet
  compile_fail tests/test_closure_captures_enum_keyed_map.bl: internal compiler error[CodegenStageNotBuilt]: cg_call closure values and compiler-provided calls is not built in this compiler
  compile_fail tests/test_closure_captures_non_mut_set_param.bl: internal compiler error[CaptureMutabilityNotRecorded]: closure captures 's', bound where codegen records no mutability, and a binding that might be shared has no cell yet
  compile_fail tests/test_closure_generic_fn_typevar_struct_return.bl: internal compiler error[ElementScanNotLowered]: a scan that compares each element has no lowering here
  compile_fail tests/test_closure_hof_param_node_stamped_tid.bl: internal compiler error[CodegenStageNotBuilt]: cg_call closure values and compiler-provided calls is not built in this compiler
  compile_fail tests/test_closure_map_param_value_kind.bl: internal compiler error[CodegenStageNotBuilt]: cg_call closure values and compiler-provided calls is not built in this compiler
  compile_fail tests/test_closure_param_inferred_at_every_index.bl: internal compiler error[ElementScanNotLowered]: a scan that compares each element has no lowering here
  compile_fail tests/test_closure_param_inferred_from_context_positions.bl: internal compiler error[CodegenStageNotBuilt]: cg_call methods: Iterator.collect is not built in this compiler
  run_fail tests/test_closure_registry_stale_after_stdlib_rebuild.bl:   assertion failed: assert(output.contains("\"status\":\"passed\""))
  compile_fail tests/test_closure_return_generic_enum_instance_unannotated_let.bl: error: C compilation failed
  compile_fail tests/test_closure_return_type_param_apply.bl: internal compiler error[BoxedCaptureNotLowered]: closure captures 'v', whose value does not fit a capture word and needs a heap box no stage allocates yet
  compile_fail tests/test_closure_struct.bl: internal compiler error[CodegenStageNotBuilt]: cg_call methods: Struct.action is not built in this compiler
  compile_fail tests/test_closure_tuple_payload.bl: internal compiler error[SharedMutableCaptureNotLowered]: closure captures 'sum', which the enclosing function can assign, and a shared mutable binding has no cell yet
  compile_fail tests/test_cmtmkb_compound_err_side.bl: error: C compilation failed
  compile_fail tests/test_cname_carrier_tags.bl: internal compiler error[CodegenStageNotBuilt]: cg_call closure values and compiler-provided calls is not built in this compiler
  compile_fail tests/test_cname_effect_vector_and_builtin_slots.bl: internal compiler error[CodegenStageNotBuilt]: cg_call closure values and compiler-provided calls is not built in this compiler
  compile_fail tests/test_cname_fn_names.bl: internal compiler error[CodegenStageNotBuilt]: cg_call closure values and compiler-provided calls is not built in this compiler
  compile_fail tests/test_cname_impl_methods.bl: internal compiler error[CodegenStageNotBuilt]: cg_call closure values and compiler-provided calls is not built in this compiler
  compile_fail tests/test_cname_local_and_literal_names.bl: internal compiler error[CodegenStageNotBuilt]: cg_call closure values and compiler-provided calls is not built in this compiler
  compile_fail tests/test_cname_local_and_string_tokens.bl: internal compiler error[CodegenStageNotBuilt]: cg_call closure values and compiler-provided calls is not built in this compiler
  compile_fail tests/test_cname_minted_local_names.bl: internal compiler error[CodegenStageNotBuilt]: cg_call closure values and compiler-provided calls is not built in this compiler
  compile_fail tests/test_cname_module_identity_in_mono_symbols.bl: internal compiler error[CodegenStageNotBuilt]: cg_call closure values and compiler-provided calls is not built in this compiler
  compile_fail tests/test_cname_mono_types.bl: internal compiler error[CodegenStageNotBuilt]: cg_call closure values and compiler-provided calls is not built in this compiler
  compile_fail tests/test_cname_probe_harness_refuses_a_failed_compile.bl: internal compiler error[CodegenStageNotBuilt]: cg_call closure values and compiler-provided calls is not built in this compiler
  compile_fail tests/test_cname_runtime_symbols.bl: internal compiler error[CodegenStageNotBuilt]: cg_call closure values and compiler-provided calls is not built in this compiler
  compile_fail tests/test_cname_tagged_enum_tag_and_payload_have_one_producer.bl: internal compiler error[CodegenStageNotBuilt]: cg_call closure values and compiler-provided calls is not built in this compiler
  compile_fail tests/test_cname_type_names.bl: internal compiler error[CodegenStageNotBuilt]: cg_call closure values and compiler-provided calls is not built in this compiler
  compile_fail tests/test_coalesce_module_level_option_global.bl: internal compiler error[ElementScanNotLowered]: a scan that compares each element has no lowering here
  compile_fail tests/test_collapsed_nested_pattern_option_outer_carrier.bl: internal compiler error[ElementScanNotLowered]: a scan that compares each element has no lowering here
  compile_fail tests/test_combining_iterators.bl: internal compiler error[CodegenStageNotBuilt]: cg_call methods: List.chain is not built in this compiler
  compile_fail tests/test_compound_boxing.bl: internal compiler error[CodegenStageNotBuilt]: cg_derive for @derive(Debug) on the List field 'xs' is not built in this compiler
  compile_fail tests/test_compound_carrier_construction_inside_closure_body.bl: internal compiler error[CodegenStageNotBuilt]: cg_call closure values and compiler-provided calls is not built in this compiler
  compile_fail tests/test_contains_list_map.bl: internal compiler error[ElementScanNotLowered]: a scan that compares each element has no lowering here
  compile_fail tests/test_contract_corpus.bl: internal compiler error[ElementScanNotLowered]: a scan that compares each element has no lowering here
  compile_fail tests/test_contract_predicate_validator.bl: internal compiler error[ElementScanNotLowered]: a scan that compares each element has no lowering here
  compile_fail tests/test_cq1eak_bytes_arg_typecheck.bl: internal compiler error[ElementScanNotLowered]: a scan that compares each element has no lowering here
  compile_fail tests/test_cr4gqk_mono_name_collision_cross_kind.bl: error: C compilation failed
  compile_fail tests/test_cr4gqk_mono_name_collision_fn.bl: error: C compilation failed
  compile_fail tests/test_cr4gqk_mono_name_collision_struct.bl: error: C compilation failed
  compile_fail tests/test_cr4gqk_mono_typedef_names_helper.bl: internal compiler error[ElementScanNotLowered]: a scan that compares each element has no lowering here
  compile_fail tests/test_cross_module_effects.bl: internal compiler error[CodegenStageNotBuilt]: the effect vtable field a handler install writes is not built in this compiler
  compile_fail tests/test_cross_module_generic_fn.bl: error: C compilation failed
  compile_fail tests/test_cross_module_option_enum.bl: internal compiler error[CodegenStageNotBuilt]: a nested pattern inside a variant payload is not built in this compiler
  compile_fail tests/test_cross_module_private.bl: internal compiler error[CodegenStageNotBuilt]: cg_call closure values and compiler-provided calls is not built in this compiler
  compile_fail tests/test_cross_module_result_enum.bl: internal compiler error[CodegenStageNotBuilt]: a nested pattern inside a variant payload is not built in this compiler
  compile_fail tests/test_cttrag_qualified_module_let_type.bl: internal compiler error[ElementScanNotLowered]: a scan that compares each element has no lowering here
  compile_fail tests/test_cty7c4_assert_panics_phase_c.bl: internal compiler error[ElementScanNotLowered]: a scan that compares each element has no lowering here
  compile_fail tests/test_cwb2my_direct_map_struct_value_return.bl: internal compiler error[CodegenStageNotBuilt]: cg_call closure values and compiler-provided calls is not built in this compiler
  compile_fail tests/test_d077h5_ue_result_nested_generic_struct_elem.bl: internal compiler error[ElementScanNotLowered]: a scan that compares each element has no lowering here
  compile_fail tests/test_d1md7y_field_existence.bl: internal compiler error[ElementScanNotLowered]: a scan that compares each element has no lowering here
  compile_fail tests/test_d9b8me_method_arg_typecheck.bl: internal compiler error[ElementScanNotLowered]: a scan that compares each element has no lowering here
  compile_fail tests/test_data_enum_list.bl: error: C compilation failed
  compile_fail tests/test_data_enum_return.bl: internal compiler error[NameNotBound]: 'Empty' is neither a typed binder in scope nor a module global
  compile_fail tests/test_data_enums.bl: error: C compilation failed
  compile_fail tests/test_data_enums2.bl: error: C compilation failed
  compile_fail tests/test_data_enums3.bl: error: C compilation failed
  compile_fail tests/test_db_connect.bl: internal compiler error[CodegenStageNotBuilt]: cg_call methods: Template.parts is not built in this compiler
  compile_fail tests/test_db_import_order.bl: internal compiler error[CodegenStageNotBuilt]: cg_call methods: Template.parts is not built in this compiler
  compile_fail tests/test_db_query_one_lifetime.bl: internal compiler error[CodegenStageNotBuilt]: cg_call methods: Template.parts is not built in this compiler
  compile_fail tests/test_db_stmt.bl: internal compiler error[CodegenStageNotBuilt]: cg_call methods: Template.parts is not built in this compiler
  compile_fail tests/test_db_template_embed.bl: error: C compilation failed
  compile_fail tests/test_dcjy17_map_compound_value_kind.bl: internal compiler error[CodegenStageNotBuilt]: cg_call closure values and compiler-provided calls is not built in this compiler
  compile_fail tests/test_default_delegation.bl: internal compiler error[CodegenStageNotBuilt]: the effect vtable field a handler install writes is not built in this compiler
  compile_fail tests/test_derive_clone.bl: internal compiler error[CodegenStageNotBuilt]: cg_call methods: Struct.eq is not built in this compiler
  compile_fail tests/test_derive_debug.bl: internal compiler error[ElementScanNotLowered]: a scan that compares each element has no lowering here
  compile_fail tests/test_derive_debug_generic_enum.bl: internal compiler error[ElementScanNotLowered]: a scan that compares each element has no lowering here
  compile_fail tests/test_derive_deserialize.bl: internal compiler error[CodegenStageNotBuilt]: cg_derive for @derive(Serialize) is not built in this compiler
  compile_fail tests/test_derive_deserialize_generic_type.bl: internal compiler error[ElementScanNotLowered]: a scan that compares each element has no lowering here
  compile_fail tests/test_derive_enum.bl: internal compiler error[CodegenStageNotBuilt]: cg_derive for @derive(Serialize) is not built in this compiler
  compile_fail tests/test_derive_enum_deser.bl: internal compiler error[CodegenStageNotBuilt]: cg_derive for @derive(Serialize) is not built in this compiler
  compile_fail tests/test_derive_eq.bl: internal compiler error[CodegenStageNotBuilt]: cg_call methods: Struct.eq is not built in this compiler
  compile_fail tests/test_derive_errors.bl: internal compiler error[ElementScanNotLowered]: a scan that compares each element has no lowering here
  compile_fail tests/test_derive_fact_follows_declaration_not_bare_name.bl: internal compiler error[ElementScanNotLowered]: a scan that compares each element has no lowering here
  compile_fail tests/test_derive_generic_type_monomorphization.bl: internal compiler error[CodegenStageNotBuilt]: cg_derive for @derive(Serialize) is not built in this compiler
  compile_fail tests/test_derive_list_deser.bl: internal compiler error[CodegenStageNotBuilt]: cg_derive for @derive(Serialize) is not built in this compiler
  compile_fail tests/test_derive_nested.bl: internal compiler error[CodegenStageNotBuilt]: cg_derive for @derive(Serialize) is not built in this compiler
  compile_fail tests/test_derive_nested_generic_hash_forward_order.bl: internal compiler error[ElementScanNotLowered]: a scan that compares each element has no lowering here
  compile_fail tests/test_derive_non_derivable_trait.bl: internal compiler error[ElementScanNotLowered]: a scan that compares each element has no lowering here
  compile_fail tests/test_derive_serialize.bl: internal compiler error[CodegenStageNotBuilt]: cg_derive for @derive(Serialize) is not built in this compiler
  compile_fail tests/test_derive_serialize_list_payloadless_enum_segfault.bl: internal compiler error[ElementScanNotLowered]: a scan that compares each element has no lowering here
  compile_fail tests/test_derive_trait_bound_per_instance.bl: internal compiler error[ElementScanNotLowered]: a scan that compares each element has no lowering here
  compile_fail tests/test_diagnostics_ffi_offset_stride_and_buf_surface_hold_separate_codes.bl: internal compiler error[CodegenStageNotBuilt]: cg_call closure values and compiler-provided calls is not built in this compiler
  compile_fail tests/test_diagnostics_ice_at_reports_on_an_unreadable_node_id.bl: internal compiler error[CodegenStageNotBuilt]: cg_call closure values and compiler-provided calls is not built in this compiler
  compile_fail tests/test_diagnostics_ice_count_counts_every_report.bl: internal compiler error[CodegenStageNotBuilt]: cg_call closure values and compiler-provided calls is not built in this compiler
  compile_fail tests/test_diagnostics_unknown_type_in_a_declaration.bl: internal compiler error[CodegenStageNotBuilt]: cg_call closure values and compiler-provided calls is not built in this compiler
  compile_fail tests/test_diagnostics_unresolvable_import_is_reported.bl: internal compiler error[CodegenStageNotBuilt]: cg_call closure values and compiler-provided calls is not built in this compiler
  compile_fail tests/test_display_builtins.bl: internal compiler error[CodegenStageNotBuilt]: cg_call methods: Int.display is not built in this compiler
  compile_fail tests/test_display_conversion_error_names_source_target_and_message.bl: error: C compilation failed
  compile_fail tests/test_display_enum_impl.bl: internal compiler error[CodegenStageNotBuilt]: cg_call methods: Enum.display is not built in this compiler
  compile_fail tests/test_display_fmt_compose.bl: internal compiler error[CodegenStageNotBuilt]: cg_call methods: Struct.display is not built in this compiler
  compile_fail tests/test_display_missing_hint.bl: internal compiler error[ElementScanNotLowered]: a scan that compares each element has no lowering here
  compile_fail tests/test_display_missing_unchanged.bl: internal compiler error[ElementScanNotLowered]: a scan that compares each element has no lowering here
  compile_fail tests/test_display_sealed.bl: internal compiler error[ElementScanNotLowered]: a scan that compares each element has no lowering here
  compile_fail tests/test_display_struct_impl.bl: internal compiler error[CodegenStageNotBuilt]: cg_call methods: Struct.display is not built in this compiler
  compile_fail tests/test_display_trait_bound.bl: internal compiler error[CodegenStageNotBuilt]: cg_call methods: Struct.display is not built in this compiler
  compile_fail tests/test_diverging_branch_keeps_sibling_type.bl: internal compiler error[ElementScanNotLowered]: a scan that compares each element has no lowering here
  compile_fail tests/test_diverging_tail_accepted.bl: internal compiler error[ElementScanNotLowered]: a scan that compares each element has no lowering here
  compile_fail tests/test_diverging_tail_codegen_backstop.bl: internal compiler error[ElementScanNotLowered]: a scan that compares each element has no lowering here
  compile_fail tests/test_dr0x8a_fs_result_runtime.bl: internal compiler error[CodegenStageNotBuilt]: cg_call intrinsic 'fs.errno' is not built in this compiler
  compile_fail tests/test_ds1f7m_closure_body_typecheck.bl: internal compiler error[ElementScanNotLowered]: a scan that compares each element has no lowering here
  compile_fail tests/test_dt8zj2_unannotated_spawn_scalar_body.bl: internal compiler error[CodegenStageNotBuilt]: cg_call intrinsic 'async.spawn' is not built in this compiler
  compile_fail tests/test_dvzt90_list_pop_option.bl: internal compiler error[CodegenStageNotBuilt]: cg_call closure values and compiler-provided calls is not built in this compiler
  compile_fail tests/test_e0004_non_exhaustive_match.bl: internal compiler error[ElementScanNotLowered]: a scan that compares each element has no lowering here
  compile_fail tests/test_e0301_binder_classes_under_determined.bl: internal compiler error[ElementScanNotLowered]: a scan that compares each element has no lowering here
  compile_fail tests/test_e0301_boundary_unconditional.bl: internal compiler error[ElementScanNotLowered]: a scan that compares each element has no lowering here
  compile_fail tests/test_e0301_cannot_infer.bl: internal compiler error[ElementScanNotLowered]: a scan that compares each element has no lowering here
  compile_fail tests/test_e0301_for_binder_under_determined.bl: internal compiler error[ElementScanNotLowered]: a scan that compares each element has no lowering here
  compile_fail tests/test_e0302_not_iterable.bl: internal compiler error[ElementScanNotLowered]: a scan that compares each element has no lowering here
  compile_fail tests/test_e0303_type_arg_arity.bl: internal compiler error[ElementScanNotLowered]: a scan that compares each element has no lowering here
  compile_fail tests/test_e0824_emit.bl: internal compiler error[ElementScanNotLowered]: a scan that compares each element has no lowering here
  compile_fail tests/test_e0827_skip_outside_test.bl: internal compiler error[ElementScanNotLowered]: a scan that compares each element has no lowering here
  compile_fail tests/test_e0831_assert_panics_body_returned.bl: internal compiler error[ElementScanNotLowered]: a scan that compares each element has no lowering here
  compile_fail tests/test_e0832_assert_panics_message_mismatch.bl: internal compiler error[ElementScanNotLowered]: a scan that compares each element has no lowering here
  compile_fail tests/test_e0833_assert_panics_outside_test.bl: internal compiler error[ElementScanNotLowered]: a scan that compares each element has no lowering here
  compile_fail tests/test_e0834_assert_panics_nested.bl: internal compiler error[ElementScanNotLowered]: a scan that compares each element has no lowering here
  compile_fail tests/test_e0wmt6_async_let_tids.bl: internal compiler error[CodegenStageNotBuilt]: cg_call closure values and compiler-provided calls is not built in this compiler
  compile_fail tests/test_e1003_qualified_visibility.bl: internal compiler error[ElementScanNotLowered]: a scan that compares each element has no lowering here
  compile_fail tests/test_e1f78s_selfrec_generic_enum.bl: internal compiler error[ElementScanNotLowered]: a scan that compares each element has no lowering here
  compile_fail tests/test_e2kjqy_assign_target_ret_only_pin.bl: internal compiler error[ElementScanNotLowered]: a scan that compares each element has no lowering here
  compile_fail tests/test_e2kjqy_struct_lit_field_ret_only_pin.bl: internal compiler error[ElementScanNotLowered]: a scan that compares each element has no lowering here
  compile_fail tests/test_e3js70_result_map_carrier.bl: internal compiler error[MapSlotMethodNotLowered]: 'Map.get' takes a value back out of the slot beside the key, and no node wraps it
  compile_fail tests/test_e53h5n_match_block_arm_data_enum.bl: error: C compilation failed
  compile_fail tests/test_e8n2n3_option_errno.bl: internal compiler error[CodegenStageNotBuilt]: a match with no arm that is guaranteed to run is not built in this compiler
  compile_fail tests/test_early_return_typecheck.bl: internal compiler error[ElementScanNotLowered]: a scan that compares each element has no lowering here
  compile_fail tests/test_ee99gs_nested_tparam_param_bind.bl: internal compiler error[MapSlotMethodNotLowered]: 'Map.get' takes a value back out of the slot beside the key, and no node wraps it
  compile_fail tests/test_eedpbb_nested_carrier_return.bl: error: C compilation failed
  compile_fail tests/test_ees4yr_mut_binding_required.bl: internal compiler error[CheckedElementReadNotLowered]: an element read answering Option has no lowering here
  compile_fail tests/test_effect_errors.bl: internal compiler error[ElementScanNotLowered]: a scan that compares each element has no lowering here
  compile_fail tests/test_effect_handlers.bl: internal compiler error[UnhandledExprKind]: expression kind HandlerExpr has no lowering
  compile_fail tests/test_effect_vtable.bl: internal compiler error[CodegenStageNotBuilt]: cg_call methods: Template.parts is not built in this compiler
  compile_fail tests/test_effects.bl: internal compiler error[CodegenStageNotBuilt]: cg_call intrinsic 'fs.errno' is not built in this compiler
  compile_fail tests/test_ehn3s9_spread_call_elem_codegen.bl: internal compiler error[CodegenStageNotBuilt]: cg_call closure values and compiler-provided calls is not built in this compiler
  compile_fail tests/test_ehy4f9_elseless_if_value_context.bl: internal compiler error[ElementScanNotLowered]: a scan that compares each element has no lowering here
  compile_fail tests/test_embed.bl: internal compiler error[UnhandledExprKind]: expression kind EmbedExpr has no lowering
  compile_fail tests/test_embedded_stdlib.bl: internal compiler error[AllocationSizeNotInIr]: 'scope.alloc_n' must say how many bytes its pointee takes, and no IR node carries a size
  compile_fail tests/test_embedded_stdlib_namespacing.bl: internal compiler error[AllocationSizeNotInIr]: 'scope.alloc_n' must say how many bytes its pointee takes, and no IR node carries a size
  compile_fail tests/test_ensures_runtime.bl: internal compiler error[ElementScanNotLowered]: a scan that compares each element has no lowering here
  compile_fail tests/test_ensures_struct_return_temp_keeps_struct_type.bl: internal compiler error[ElementScanNotLowered]: a scan that compares each element has no lowering here
  compile_fail tests/test_enum_as_pattern_binder_closure_capture.bl: internal compiler error[CodegenStageNotBuilt]: a nested pattern inside a variant payload is not built in this compiler
  compile_fail tests/test_enum_nested_generic.bl: internal compiler error[CodegenStageNotBuilt]: cg_call closure values and compiler-provided calls is not built in this compiler
  compile_fail tests/test_enum_struct_variants.bl: internal compiler error[StructLiteralFieldMissing]: the literal gives no value for field 'NotFound' and the field has no default
  compile_fail tests/test_enum_variant_field_generic_enum_instance_typedef.bl: internal compiler error[ElementScanNotLowered]: a scan that compares each element has no lowering here
  compile_fail tests/test_enumerate_zip_tuple_typing.bl: internal compiler error[ElementScanNotLowered]: a scan that compares each element has no lowering here
  compile_fail tests/test_env_effect.bl: internal compiler error[EnvArgumentListNotBuilt]: 'env.args' fills its list one element at a time, and this stage hoists no loop
  compile_fail tests/test_eprintln.bl: internal compiler error[PrintValueNotText]: the io slot takes text, and a Int value has no rendering this stage can call
  compile_fail tests/test_erased_generic_instance_carrier_sites.bl: error: C compilation failed
  compile_fail tests/test_errno_enum_variant_payload_transparent.bl: internal compiler error[ElementScanNotLowered]: a scan that compares each element has no lowering here
  compile_fail tests/test_errno_newtype.bl: internal compiler error[ElementScanNotLowered]: a scan that compares each element has no lowering here
  compile_fail tests/test_errno_struct_field.bl: internal compiler error[ElementScanNotLowered]: a scan that compares each element has no lowering here
  compile_fail tests/test_errno_transparent_emit.bl: internal compiler error[ElementScanNotLowered]: a scan that compares each element has no lowering here
  compile_fail tests/test_errno_tuple_element_transparent.bl: error: C compilation failed
  compile_fail tests/test_errno_whole_bind.bl: internal compiler error[ElementScanNotLowered]: a scan that compares each element has no lowering here
  compile_fail tests/test_escape_via_cli.bl: internal compiler error[ElementScanNotLowered]: a scan that compares each element has no lowering here
  compile_fail tests/test_espzac_container_opaque_element.bl: internal compiler error[ElementScanNotLowered]: a scan that compares each element has no lowering here
  compile_fail tests/test_ev_closures_effects.bl: internal compiler error[CodegenStageNotBuilt]: the effect vtable field a handler install writes is not built in this compiler
  compile_fail tests/test_ev_nested_handlers.bl: internal compiler error[CodegenStageNotBuilt]: the effect vtable field a handler install writes is not built in this compiler
  compile_fail tests/test_expect_panic.bl: internal compiler error[ElementScanNotLowered]: a scan that compares each element has no lowering here
  compile_fail tests/test_expr_result_kind_comes_from_tid.bl: internal compiler error[CodegenStageNotBuilt]: cg_call closure values and compiler-provided calls is not built in this compiler
  compile_fail tests/test_f2501g_alias_of_compound_carrier.bl: internal compiler error[CodegenStageNotBuilt]: cg_call closure values and compiler-provided calls is not built in this compiler
  compile_fail tests/test_f5k3jk_list_literal_elem_types.bl: internal compiler error[ElementScanNotLowered]: a scan that compares each element has no lowering here
  compile_fail tests/test_f8t5wb_struct_typearg_hashability.bl: internal compiler error[ElementScanNotLowered]: a scan that compares each element has no lowering here
  compile_fail tests/test_f9mqbq_result_both_struct_instances.bl: error: C compilation failed
  compile_fail tests/test_failing_assert_outside_test_context.bl: internal compiler error[ElementScanNotLowered]: a scan that compares each element has no lowering here
  compile_fail tests/test_farq9f_declared_container_ret_pins_ctor.bl: internal compiler error[ElementScanNotLowered]: a scan that compares each element has no lowering here
  compile_fail tests/test_fcqfhf_nested_option_unwrap.bl: error: C compilation failed
  compile_fail tests/test_fdzgz7_if_stmt_tail_tid_recovery.bl: internal compiler error[ElementScanNotLowered]: a scan that compares each element has no lowering here
  compile_fail tests/test_fes70z_mono_slot_no_false_ice.bl: internal compiler error[PanicPayloadHasNoDisplay]: a Struct value a panic names has no Display impl, and this stage will not name it by its type instead
  compile_fail tests/test_ffi.bl: internal compiler error[CodegenStageNotBuilt]: cg_call closure values and compiler-provided calls is not built in this compiler
  compile_fail tests/test_ffi_alloc_n_assignment_target_type.bl: internal compiler error[ElementScanNotLowered]: a scan that compares each element has no lowering here
  compile_fail tests/test_ffi_e0817_bytes_ptr_cast.bl: internal compiler error[ElementScanNotLowered]: a scan that compares each element has no lowering here
  compile_fail tests/test_ffi_errors.bl: internal compiler error[ElementScanNotLowered]: a scan that compares each element has no lowering here
  compile_fail tests/test_ffi_no_import_still_works.bl: internal compiler error[AllocationSizeNotInIr]: 'scope.alloc' must say how many bytes its pointee takes, and no IR node carries a size
  compile_fail tests/test_ffi_scope_alloc_pointee_tid.bl: internal compiler error[CodegenStageNotBuilt]: cg_call closure values and compiler-provided calls is not built in this compiler
  compile_fail tests/test_ffi_scope_escape.bl: internal compiler error[ElementScanNotLowered]: a scan that compares each element has no lowering here
  compile_fail tests/test_ffi_scope_with.bl: internal compiler error[ElementScanNotLowered]: a scan that compares each element has no lowering here
  compile_fail tests/test_ffi_struct_alloc_n.bl: internal compiler error[AllocationSizeNotInIr]: 'scope.alloc_n' must say how many bytes its pointee takes, and no IR node carries a size
  compile_fail tests/test_ffi_struct_basic.bl: internal compiler error[AllocationSizeNotInIr]: 'scope.alloc' must say how many bytes its pointee takes, and no IR node carries a size
  compile_fail tests/test_ffi_struct_errors.bl: internal compiler error[ElementScanNotLowered]: a scan that compares each element has no lowering here
  compile_fail tests/test_ffi_struct_field_access.bl: internal compiler error[AllocationSizeNotInIr]: 'scope.alloc' must say how many bytes its pointee takes, and no IR node carries a size
  compile_fail tests/test_ffi_struct_field_read_through_ptr_alloc.bl: internal compiler error[AllocationSizeNotInIr]: 'scope.alloc' must say how many bytes its pointee takes, and no IR node carries a size
  compile_fail tests/test_ffi_struct_field_read_through_ptr_offset.bl: internal compiler error[AllocationSizeNotInIr]: 'scope.alloc_n' must say how many bytes its pointee takes, and no IR node carries a size
  run_fail tests/test_ffi_struct_static_assert.bl:   assertion failed: assert(c.contains("#include <poll.h>"))
  run_fail tests/test_ffi_struct_w0812.bl:   assertion failed: assert(out.contains("MissingCanonicalHeader"))
  compile_fail tests/test_flat_map.bl: internal compiler error[CodegenStageNotBuilt]: cg_call methods: List.flat_map is not built in this compiler
  compile_fail tests/test_flat_map_container_element_nested_iter.bl: internal compiler error[ElementScanNotLowered]: a scan that compares each element has no lowering here
  compile_fail tests/test_flat_map_struct_element.bl: internal compiler error[CodegenStageNotBuilt]: cg_call methods: List.flat_map is not built in this compiler
  compile_fail tests/test_float_boxing.bl: internal compiler error[CodegenStageNotBuilt]: cg_call closure values and compiler-provided calls is not built in this compiler
  compile_fail tests/test_float_total_ordering.bl: internal compiler error[OrderingMethodNotLowered]: operator '>' has no ordering method lowering here
  compile_fail tests/test_fm6z7n_generic_fn_effect.bl: internal compiler error[CodegenStageNotBuilt]: the effect vtable field a handler install writes is not built in this compiler
  compile_fail tests/test_fmbf59_option_enum_field_typedef_order.bl: error: C compilation failed
  compile_fail tests/test_fmt_iife_with_block.bl: internal compiler error[CodegenStageNotBuilt]: a Closeable resource's cleanup is not built in this compiler
  compile_fail tests/test_fn_intrinsic_priority.bl: internal compiler error[CodegenStageNotBuilt]: cg_call intrinsic 'net.close' is not built in this compiler
  compile_fail tests/test_fn_name_builtin_collision.bl: internal compiler error[CodegenStageNotBuilt]: cg_call closure values and compiler-provided calls is not built in this compiler
  run_fail tests/test_fn_node_registry_stale_after_stdlib_rebuild.bl:   assertion failed: assert(output.contains("\"status\":\"failed\""))
  compile_fail tests/test_fn_return_compound_keyed_map_call_site.bl: internal compiler error[CodegenStageNotBuilt]: cg_derive for @derive(Hash) on the generic type 'Box' is not built in this compiler
  compile_fail tests/test_fn_tail_with_arena_block_carrier_escape.bl: internal compiler error[ElementScanNotLowered]: a scan that compares each element has no lowering here
  compile_fail tests/test_fn_type_alias_typedef.bl: internal compiler error[ElementScanNotLowered]: a scan that compares each element has no lowering here
  compile_fail tests/test_fn_type_params.bl: error: C compilation failed
  compile_fail tests/test_fn_value_as_arg.bl: internal compiler error[NameNotBound]: 'bump' is neither a typed binder in scope nor a module global
  compile_fail tests/test_fnjw7e_toplevel_let_mono_typedef_order.bl: internal compiler error[ElementScanNotLowered]: a scan that compares each element has no lowering here
  run_fail tests/test_for_each_case_label.bl:   assertion failed: assert(output.contains("\"status\":\"failed\""))
  run_fail tests/test_for_each_case_records.bl:   assertion failed: assert(result.exit_code == 0)
  compile_fail tests/test_for_each_iterator_next_cast_signature.bl: internal compiler error[ElementScanNotLowered]: a scan that compares each element has no lowering here
  compile_fail tests/test_for_each_skip_stops.bl: internal compiler error[CodegenStageNotBuilt]: cg_call closure values and compiler-provided calls is not built in this compiler
  compile_fail tests/test_for_each_tuple_payload.bl: error: C compilation failed
  compile_fail tests/test_for_in_binder_node_stamped_tid.bl: internal compiler error[CodegenStageNotBuilt]: cg_call closure values and compiler-provided calls is not built in this compiler
  compile_fail tests/test_for_map_keys.bl: internal compiler error[CodegenStageNotBuilt]: cg_call closure values and compiler-provided calls is not built in this compiler
  compile_fail tests/test_forin_into_iter_list_of_option.bl: internal compiler error[ElementScanNotLowered]: a scan that compares each element has no lowering here
  compile_fail tests/test_forin_over_bytes_codegen_gap.bl: internal compiler error[ElementScanNotLowered]: a scan that compares each element has no lowering here
  compile_fail tests/test_forin_pushbuilt_list_result_container_inner.bl: internal compiler error[ElementScanNotLowered]: a scan that compares each element has no lowering here
  compile_fail tests/test_forin_struct_field_list_of_option_struct.bl: internal compiler error[ElementScanNotLowered]: a scan that compares each element has no lowering here
  compile_fail tests/test_fqthkv_generic_tuple_slot_mono.bl: internal compiler error[ElementScanNotLowered]: a scan that compares each element has no lowering here
  compile_fail tests/test_free_fn_template_param_decomposes_string_literal.bl: internal compiler error[ElementScanNotLowered]: a scan that compares each element has no lowering here
  compile_fail tests/test_from_code_point_err_arm_concrete_tid.bl: internal compiler error[CodegenStageNotBuilt]: cg_call closure values and compiler-provided calls is not built in this compiler
  compile_fail tests/test_from_code_point_result.bl: error: C compilation failed
  compile_fail tests/test_fs_handler_override_intercepts_read.bl: internal compiler error[ElementScanNotLowered]: a scan that compares each element has no lowering here
  compile_fail tests/test_fttkpk_bare_handler_body_walk.bl: internal compiler error[ElementScanNotLowered]: a scan that compares each element has no lowering here
  compile_fail tests/test_fyat2w_option_set_unwrap_elem.bl: internal compiler error[CodegenStageNotBuilt]: cg_call closure values and compiler-provided calls is not built in this compiler
  compile_fail tests/test_g19dpq_closure_reinfer_no_clobber.bl: internal compiler error[CodegenStageNotBuilt]: cg_call closure values and compiler-provided calls is not built in this compiler
  compile_fail tests/test_g812z0_tuple_field_typedef_order.bl: error: C compilation failed
  compile_fail tests/test_gdq426_poly_impl_xmod_generic_elem.bl: error: C compilation failed
  compile_fail tests/test_gemr3z_list_compound_element.bl: internal compiler error[CheckedElementReadNotLowered]: an element read answering Option has no lowering here
  compile_fail tests/test_generic_closure_tuple_return.bl: internal compiler error[NameNotBound]: 'gct_update' is neither a typed binder in scope nor a module global
  compile_fail tests/test_generic_container_param_tparam_resolution.bl: internal compiler error[ElementScanNotLowered]: a scan that compares each element has no lowering here
  compile_fail tests/test_generic_deep_nesting.bl: internal compiler error[CodegenStageNotBuilt]: cg_call closure values and compiler-provided calls is not built in this compiler
  compile_fail tests/test_generic_enum_ctor_no_type_param_field_let_annotation.bl: error: C compilation failed
  compile_fail tests/test_generic_enum_ctor_variant_name_collision.bl: internal compiler error[ElementScanNotLowered]: a scan that compares each element has no lowering here
  compile_fail tests/test_generic_enum_ffi_struct_variant_typedef_name.bl: internal compiler error[AllocationSizeNotInIr]: 'scope.alloc' must say how many bytes its pointee takes, and no IR node carries a size
  compile_fail tests/test_generic_enum_local_and_global_let_match_binder.bl: error: C compilation failed
  compile_fail tests/test_generic_enum_nullary_variant_closure_arg_cast.bl: internal compiler error[ElementScanNotLowered]: a scan that compares each element has no lowering here
  compile_fail tests/test_generic_enum_nullary_variant_in_err_ctor_mangling.bl: internal compiler error[ElementScanNotLowered]: a scan that compares each element has no lowering here
  compile_fail tests/test_generic_enum_payload_instantiated_with_closure.bl: internal compiler error[ElementScanNotLowered]: a scan that compares each element has no lowering here
  compile_fail tests/test_generic_enum_payload_variant_named_arg_cast.bl: error: C compilation failed
  compile_fail tests/test_generic_enum_return_type_missing_typedef.bl: internal compiler error[ElementScanNotLowered]: a scan that compares each element has no lowering here
  compile_fail tests/test_generic_enum_struct_variant_pattern_binds_payload_type.bl: internal compiler error[StructLiteralFieldMissing]: the literal gives no value for field 'Leaf' and the field has no default
  compile_fail tests/test_generic_enum_typevar_instantiated_to_tuple.bl: error: C compilation failed
  compile_fail tests/test_generic_enum_variant_construction_through_carrier_mono_name.bl: error: C compilation failed
  compile_fail tests/test_generic_fn_concrete_generic_struct_carrier_param.bl: internal compiler error[ElementScanNotLowered]: a scan that compares each element has no lowering here
  compile_fail tests/test_generic_fn_list_of_generic_struct_return_ice.bl: internal compiler error[ElementScanNotLowered]: a scan that compares each element has no lowering here
  compile_fail tests/test_generic_fn_map_value_generic_enum_typevar_erasure.bl: internal compiler error[ElementScanNotLowered]: a scan that compares each element has no lowering here
  compile_fail tests/test_generic_fn_nested_generic_return_field_typedef.bl: internal compiler error[ElementScanNotLowered]: a scan that compares each element has no lowering here
  compile_fail tests/test_generic_fn_option_box_unwrap_mono_erasure.bl: internal compiler error[ElementScanNotLowered]: a scan that compares each element has no lowering here
  compile_fail tests/test_generic_fn_permuted_struct_return_binds_mono.bl: error: C compilation failed
  compile_fail tests/test_generic_fn_result_of_generic_struct_binder_inner.bl: internal compiler error[ElementScanNotLowered]: a scan that compares each element has no lowering here
  compile_fail tests/test_generic_fn_return_option_generic_struct_instance_carrier.bl: internal compiler error[ElementScanNotLowered]: a scan that compares each element has no lowering here
  compile_fail tests/test_generic_fn_return_option_over_struct_instance_carrier.bl: internal compiler error[ElementScanNotLowered]: a scan that compares each element has no lowering here
  compile_fail tests/test_generic_fn_return_typevar_from_outer_annotation.bl: internal compiler error[ElementScanNotLowered]: a scan that compares each element has no lowering here
  compile_fail tests/test_generic_fn_void_instantiation_reassignment.bl: internal compiler error[ElementScanNotLowered]: a scan that compares each element has no lowering here
  compile_fail tests/test_generic_hof_closure_param_inferred_from_sibling_arg.bl: internal compiler error[ElementScanNotLowered]: a scan that compares each element has no lowering here
  compile_fail tests/test_generic_outer_struct_generic_field_type_param_inference.bl: internal compiler error[ElementScanNotLowered]: a scan that compares each element has no lowering here
  compile_fail tests/test_generic_payloadless_enum_option_inner.bl: internal compiler error[ElementScanNotLowered]: a scan that compares each element has no lowering here
  compile_fail tests/test_generic_struct_as_list_element_type.bl: error: C compilation failed
  compile_fail tests/test_generic_struct_derive_hash_eq_as_map_key.bl: internal compiler error[ElementScanNotLowered]: a scan that compares each element has no lowering here
  compile_fail tests/test_generic_struct_field_carrier_concrete_inner_arg.bl: internal compiler error[ElementScanNotLowered]: a scan that compares each element has no lowering here
  compile_fail tests/test_generic_struct_field_instance_typedef_and_dispatch.bl: internal compiler error[CodegenStageNotBuilt]: cg_call closure values and compiler-provided calls is not built in this compiler
  compile_fail tests/test_generic_struct_field_instantiated_with_bytes.bl: internal compiler error[ElementScanNotLowered]: a scan that compares each element has no lowering here
  compile_fail tests/test_generic_struct_field_nested_option_carrier_name.bl: internal compiler error[ElementScanNotLowered]: a scan that compares each element has no lowering here
  compile_fail tests/test_generic_struct_field_result_errno_carrier_name.bl: internal compiler error[ElementScanNotLowered]: a scan that compares each element has no lowering here
  compile_fail tests/test_generic_struct_field_set_tuple_element_forin_ice.bl: internal compiler error[ElementScanNotLowered]: a scan that compares each element has no lowering here
  compile_fail tests/test_generic_struct_instance_as_field_type.bl: error: C compilation failed
  compile_fail tests/test_generic_struct_instance_keyed_set_kops.bl: internal compiler error[ElementScanNotLowered]: a scan that compares each element has no lowering here
  compile_fail tests/test_generic_struct_map_field_unannotated_let_value_type.bl: internal compiler error[CodegenStageNotBuilt]: cg_call closure values and compiler-provided calls is not built in this compiler
  compile_fail tests/test_generic_struct_pattern_binder_match_expr_value.bl: internal compiler error[ElementScanNotLowered]: a scan that compares each element has no lowering here
  compile_fail tests/test_generic_struct_pattern_binder_type_param_field.bl: internal compiler error[ElementScanNotLowered]: a scan that compares each element has no lowering here
  compile_fail tests/test_generic_struct_tuple_arg_nesting_same_name.bl: error: C compilation failed
  compile_fail tests/test_generic_tuple_monomorph.bl: internal compiler error[SharedMutableCaptureNotLowered]: closure captures 'total', which the enclosing function can assign, and a shared mutable binding has no cell yet
  compile_fail tests/test_generic_tuple_monomorph_in_test_block.bl: internal compiler error[SharedMutableCaptureNotLowered]: closure captures 'total', which the enclosing function can assign, and a shared mutable binding has no cell yet
  compile_fail tests/test_generic_type_alias_over_carrier_erases_param.bl: internal compiler error[ElementScanNotLowered]: a scan that compares each element has no lowering here
  compile_fail tests/test_generic_variant_tuple_field_nonself_generic_binder.bl: internal compiler error[ElementScanNotLowered]: a scan that compares each element has no lowering here
  compile_fail tests/test_generics.bl: error: C compilation failed
  compile_fail tests/test_gh3kjc_struct_style_variant_field_binder_tid.bl: internal compiler error[ElementScanNotLowered]: a scan that compares each element has no lowering here
  compile_fail tests/test_gitdeps.bl: internal compiler error[CodegenStageNotBuilt]: an assignment to a place that is not a local is not built in this compiler
  compile_fail tests/test_gjsr9e_selfrec_tuple_nongeneric.bl: internal compiler error[ElementScanNotLowered]: a scan that compares each element has no lowering here
  compile_fail tests/test_gkr3fs_closure_sig_typecheck.bl: internal compiler error[ElementScanNotLowered]: a scan that compares each element has no lowering here
  compile_fail tests/test_gmb211_partial_erasure_recovery.bl: internal compiler error[ElementScanNotLowered]: a scan that compares each element has no lowering here
  compile_fail tests/test_gn5yns_option_opaque_npo.bl: internal compiler error[ElementScanNotLowered]: a scan that compares each element has no lowering here
  compile_fail tests/test_gq0sty_container_elem_hashability.bl: internal compiler error[ElementScanNotLowered]: a scan that compares each element has no lowering here
  compile_fail tests/test_gw4cyh_nested_carrier_typedef_order.bl: error: C compilation failed
  compile_fail tests/test_h0n5qe_map_box_value_mono_registration.bl: internal compiler error[CodegenStageNotBuilt]: cg_call closure values and compiler-provided calls is not built in this compiler
  compile_fail tests/test_h2df27_unannotated_closure_return_inferred.bl: internal compiler error[ElementScanNotLowered]: a scan that compares each element has no lowering here
  compile_fail tests/test_h2n6bw_for_in_struct_elem_from_tid.bl: internal compiler error[ElementScanNotLowered]: a scan that compares each element has no lowering here
  compile_fail tests/test_h3q81d_effect_op_signatures.bl: internal compiler error[ElementScanNotLowered]: a scan that compares each element has no lowering here
  compile_fail tests/test_h4kqsg_map_struct_param.bl: internal compiler error[MapSlotMethodNotLowered]: 'Map.get' takes a value back out of the slot beside the key, and no node wraps it
  compile_fail tests/test_h6avb9_carrier_alias_key_tid.bl: internal compiler error[CodegenStageNotBuilt]: cg_call closure values and compiler-provided calls is not built in this compiler
  compile_fail tests/test_h906fg_let_if_expr_builtin.bl: internal compiler error[CodegenStageNotBuilt]: cg_call closure values and compiler-provided calls is not built in this compiler
  compile_fail tests/test_handle_await_annotated_binding_keeps_type.bl: internal compiler error[CodegenStageNotBuilt]: cg_call intrinsic 'async.spawn' is not built in this compiler
  compile_fail tests/test_handler_capture.bl: internal compiler error[CodegenStageNotBuilt]: the effect vtable field a handler install writes is not built in this compiler
  compile_fail tests/test_handler_closure_escape.bl: internal compiler error[CodegenStageNotBuilt]: the effect vtable field a handler install writes is not built in this compiler
  compile_fail tests/test_handler_expr.bl: internal compiler error[UnhandledExprKind]: expression kind HandlerExpr has no lowering
  compile_fail tests/test_handler_method_option_param_void_thunk.bl: internal compiler error[ElementScanNotLowered]: a scan that compares each element has no lowering here
  compile_fail tests/test_handler_param_reader.bl: internal compiler error[UnhandledExprKind]: expression kind HandlerExpr has no lowering
  compile_fail tests/test_handler_return.bl: internal compiler error[UnhandledExprKind]: expression kind HandlerExpr has no lowering
  run_fail tests/test_has_test_blocks_matches_test_failing.bl:   assertion failed: assert(output.contains("\"files\":[],\"summary\":\{\"files\":0"))
  compile_fail tests/test_hgd2az_channel_element_type.bl: internal compiler error[ElementScanNotLowered]: a scan that compares each element has no lowering here
  compile_fail tests/test_hnyqe4_generic_field_typevar_kops.bl: internal compiler error[CodegenStageNotBuilt]: cg_call closure values and compiler-provided calls is not built in this compiler
  compile_fail tests/test_holes_settle_before_they_are_judged.bl: internal compiler error[ElementScanNotLowered]: a scan that compares each element has no lowering here
  compile_fail tests/test_hpd94q_unpinned_channel_e0301.bl: internal compiler error[ElementScanNotLowered]: a scan that compares each element has no lowering here
  compile_fail tests/test_hqwx7k_enum_tuple_payload_destructure.bl: internal compiler error[ElementScanNotLowered]: a scan that compares each element has no lowering here
  compile_fail tests/test_hs78tq_captured_map_struct_value.bl: internal compiler error[ElementScanNotLowered]: a scan that compares each element has no lowering here
  compile_fail tests/test_hsgsbp_box_void.bl: error: C compilation failed
  compile_fail tests/test_ht0bxj_set_param_typevar_bind.bl: internal compiler error[CodegenStageNotBuilt]: cg_call closure values and compiler-provided calls is not built in this compiler
  compile_fail tests/test_http_server.bl: internal compiler error[CodegenStageNotBuilt]: cg_call methods: Struct.process is not built in this compiler
  compile_fail tests/test_http_types.bl: internal compiler error[MapSlotMethodNotLowered]: 'Map.get' takes a value back out of the slot beside the key, and no node wraps it
  compile_fail tests/test_htxpmh_field_loop_value_ctx.bl: internal compiler error[ElementScanNotLowered]: a scan that compares each element has no lowering here
  compile_fail tests/test_hz7grc_tuple_struct_field.bl: internal compiler error[CodegenStageNotBuilt]: a nested pattern inside a variant payload is not built in this compiler
  compile_fail tests/test_i0001_unsolved_typevar_at_codegen.bl: internal compiler error[ElementScanNotLowered]: a scan that compares each element has no lowering here
  compile_fail tests/test_if_expr_map_ctor_intermediate_let_return.bl: internal compiler error[ElementScanNotLowered]: a scan that compares each element has no lowering here
  compile_fail tests/test_if_expr_result_temp_type.bl: internal compiler error[ElementScanNotLowered]: a scan that compares each element has no lowering here
  compile_fail tests/test_if_expr_unwrap_chain.bl: internal compiler error[ValuePositionExprMovesWork]: IfExpr in value position stands after work its arms would run before
  compile_fail tests/test_ifarm_diverging_return_pins_nondiverging_arm.bl: internal compiler error[ElementScanNotLowered]: a scan that compares each element has no lowering here
  compile_fail tests/test_ifarm_tail_ret_only_pins_from_declared.bl: internal compiler error[ElementScanNotLowered]: a scan that compares each element has no lowering here
  compile_fail tests/test_impl_method_returning_self_substitutes_receiver_type.bl: internal compiler error[ElementScanNotLowered]: a scan that compares each element has no lowering here
  compile_fail tests/test_impl_poly_agnostic_binder_leak.bl: error: C compilation failed
  compile_fail tests/test_impl_poly_binding_contract.bl: error: C compilation failed
  compile_fail tests/test_impl_trait_arg_arity.bl: error: C compilation failed
  compile_fail tests/test_import_blink_core_resolves.bl: error: C compilation failed
  compile_fail tests/test_import_blink_ffi_resolves.bl: internal compiler error[AllocationSizeNotInIr]: 'scope.alloc' must say how many bytes its pointee takes, and no IR node carries a size
  compile_fail tests/test_import_blink_ffi_selective.bl: internal compiler error[AllocationSizeNotInIr]: 'scope.alloc' must say how many bytes its pointee takes, and no IR node carries a size
  compile_fail tests/test_import_git.bl: internal compiler error[CodegenStageNotBuilt]: an assignment to a place that is not a local is not built in this compiler
  compile_fail tests/test_infer_metavar.bl: internal compiler error[ElementScanNotLowered]: a scan that compares each element has no lowering here
  compile_fail tests/test_inferred_list_of_tuple_field_access.bl: internal compiler error[ElementScanNotLowered]: a scan that compares each element has no lowering here
  compile_fail tests/test_inferred_map_enum_key_second_insert.bl: internal compiler error[CodegenStageNotBuilt]: cg_call closure values and compiler-provided calls is not built in this compiler
  compile_fail tests/test_inline_carrier_chain_map_list_double_unwrap.bl: internal compiler error[CodegenStageNotBuilt]: cg_call closure values and compiler-provided calls is not built in this compiler
  compile_fail tests/test_int_conversions.bl: internal compiler error[CodegenStageNotBuilt]: cg_call methods: I8.into is not built in this compiler
  compile_fail tests/test_interp_display.bl: internal compiler error[ElementScanNotLowered]: a scan that compares each element has no lowering here
  compile_fail tests/test_interp_generic_display_per_instantiation.bl: internal compiler error[ElementScanNotLowered]: a scan that compares each element has no lowering here
  compile_fail tests/test_into.bl: internal compiler error[CodegenStageNotBuilt]: cg_call methods: Int.into is not built in this compiler
  compile_fail tests/test_into_auto.bl: internal compiler error[CodegenStageNotBuilt]: cg_call methods: Struct.into is not built in this compiler
  compile_fail tests/test_into_nominal_target_in_carrier_and_container.bl: internal compiler error[CodegenStageNotBuilt]: cg_call methods: Struct.into is not built in this compiler
  compile_fail tests/test_into_reassignment_target_type.bl: internal compiler error[ElementScanNotLowered]: a scan that compares each element has no lowering here
  compile_fail tests/test_into_struct_field_resolves_against_field_type.bl: internal compiler error[CodegenStageNotBuilt]: cg_call methods: Int.into is not built in this compiler
  compile_fail tests/test_ir_address_is_spelled_as_a_pointer.bl: internal compiler error[CodegenStageNotBuilt]: cg_call closure values and compiler-provided calls is not built in this compiler
  compile_fail tests/test_ir_closure_new_names_its_capture_descriptors_and_promoter.bl: internal compiler error[CodegenStageNotBuilt]: cg_call closure values and compiler-provided calls is not built in this compiler
  compile_fail tests/test_ir_container_new_names_its_key_operations_table.bl: internal compiler error[CodegenStageNotBuilt]: cg_call closure values and compiler-provided calls is not built in this compiler
  compile_fail tests/test_ir_container_spread_extends_enclosing_container.bl: internal compiler error[CodegenStageNotBuilt]: cg_call closure values and compiler-provided calls is not built in this compiler
  compile_fail tests/test_ir_dump_round_trip.bl: internal compiler error[CodegenStageNotBuilt]: cg_call closure values and compiler-provided calls is not built in this compiler
  compile_fail tests/test_ir_effect_perform_reads_a_vector_slot.bl: internal compiler error[CodegenStageNotBuilt]: cg_call closure values and compiler-provided calls is not built in this compiler
  compile_fail tests/test_ir_enum_new_names_the_variant_arm.bl: internal compiler error[CodegenStageNotBuilt]: cg_call closure values and compiler-provided calls is not built in this compiler
  compile_fail tests/test_ir_every_kind_constructible.bl: internal compiler error[CodegenStageNotBuilt]: cg_call closure values and compiler-provided calls is not built in this compiler
  compile_fail tests/test_ir_evidence_address_is_its_own_kind.bl: internal compiler error[CodegenStageNotBuilt]: cg_call closure values and compiler-provided calls is not built in this compiler
  compile_fail tests/test_ir_inline_rule.bl: internal compiler error[CodegenStageNotBuilt]: cg_call closure values and compiler-provided calls is not built in this compiler
  compile_fail tests/test_ir_lowered_bodies_read_only_declared_names.bl: internal compiler error[CodegenStageNotBuilt]: cg_call closure values and compiler-provided calls is not built in this compiler
  compile_fail tests/test_ir_short_circuit_operand_cannot_bind_a_statement.bl: internal compiler error[CodegenStageNotBuilt]: cg_call closure values and compiler-provided calls is not built in this compiler
  compile_fail tests/test_ir_sized_alloc_names_its_element_and_count.bl: internal compiler error[CodegenStageNotBuilt]: cg_call closure values and compiler-provided calls is not built in this compiler
  compile_fail tests/test_ir_tagged_nodes_carry_their_member_names.bl: internal compiler error[CodegenStageNotBuilt]: cg_call closure values and compiler-provided calls is not built in this compiler
  compile_fail tests/test_ir_verifier_rejects.bl: internal compiler error[CodegenStageNotBuilt]: cg_call closure values and compiler-provided calls is not built in this compiler
  compile_fail tests/test_ir_verify_materialize_one_block.bl: internal compiler error[CodegenStageNotBuilt]: cg_call closure values and compiler-provided calls is not built in this compiler
  compile_fail tests/test_ir_verify_varref_scope.bl: internal compiler error[CodegenStageNotBuilt]: cg_call closure values and compiler-provided calls is not built in this compiler
  compile_fail tests/test_iterator_adapters.bl: internal compiler error[CodegenStageNotBuilt]: cg_call methods: List.take is not built in this compiler
  compile_fail tests/test_iterator_eager_world.bl: internal compiler error[CodegenStageNotBuilt]: cg_call methods: List.take is not built in this compiler
  compile_fail tests/test_iterator_element_set_and_struct_carrier.bl: internal compiler error[CodegenStageNotBuilt]: cg_call closure values and compiler-provided calls is not built in this compiler
  compile_fail tests/test_iterator_enumerate_collect_after_zip_materialize.bl: internal compiler error[ElementScanNotLowered]: a scan that compares each element has no lowering here
  compile_fail tests/test_iterator_lazy_world.bl: internal compiler error[CodegenStageNotBuilt]: cg_call methods: List.into_iter is not built in this compiler
  compile_fail tests/test_iterator_methods.bl: internal compiler error[CodegenStageNotBuilt]: cg_call methods: List.count is not built in this compiler
  compile_fail tests/test_j0cdey_hof_list_compound.bl: internal compiler error[SharedMutableCaptureNotLowered]: closure captures 'sum', which the enclosing function can assign, and a shared mutable binding has no cell yet
  compile_fail tests/test_j5ate1_transparent_newtype_name_overmatch.bl: internal compiler error[CodegenStageNotBuilt]: cg_call methods: Enum.debug is not built in this compiler
  compile_fail tests/test_j76648_carrier_unwrap_map_list_struct.bl: internal compiler error[CodegenStageNotBuilt]: cg_call closure values and compiler-provided calls is not built in this compiler
  compile_fail tests/test_j8krjg_triple_nested_result_match.bl: error: C compilation failed
  compile_fail tests/test_j8z2tj_match_scalar_scrutinee_single_eval.bl: internal compiler error[CodegenStageNotBuilt]: an assignment to a place that is not a local is not built in this compiler
  compile_fail tests/test_j9v92x_generic_tuple_arg_shape.bl: internal compiler error[ElementScanNotLowered]: a scan that compares each element has no lowering here
  compile_fail tests/test_jbhzvt_bare_variant_name_collision.bl: error: C compilation failed
  compile_fail tests/test_jcr0zz_box_list_compound_elem.bl: internal compiler error[ElementScanNotLowered]: a scan that compares each element has no lowering here
  compile_fail tests/test_jctkac_arena_closure_capture_desc_tid_first.bl: internal compiler error[CaptureMutabilityNotRecorded]: closure captures 'n', bound where codegen records no mutability, and a binding that might be shared has no cell yet
  compile_fail tests/test_jctkac_arena_tail_mutcap_cell.bl: internal compiler error[UnhandledExprKind]: expression kind WithBlock has no lowering
  compile_fail tests/test_jctkac_call_ret_struct_tid.bl: error: C compilation failed
  compile_fail tests/test_jctkac_capture_expr_kind_tid_first.bl: internal compiler error[BoxedCaptureNotLowered]: closure captures 's', whose value does not fit a capture word and needs a heap box no stage allocates yet
  compile_fail tests/test_jctkac_captured_map_flat_child.bl: internal compiler error[CodegenStageNotBuilt]: cg_call closure values and compiler-provided calls is not built in this compiler
  compile_fail tests/test_jctkac_carrier_generic_inner_tid.bl: error: C compilation failed
  compile_fail tests/test_jctkac_carrier_inner_struct_tid.bl: error: C compilation failed
  compile_fail tests/test_jctkac_carrier_ret_tid.bl: error: C compilation failed
  compile_fail tests/test_jctkac_closure_sig_tid_only.bl: internal compiler error[UnhandledExprKind]: expression kind WithBlock has no lowering
  compile_fail tests/test_jctkac_enum_ret_tid.bl: internal compiler error[NameNotBound]: 'North' is neither a typed binder in scope nor a module global
  compile_fail tests/test_jctkac_forin_list_result_struct_elem.bl: error: C compilation failed
  compile_fail tests/test_jctkac_generic_fn_ret_tid_population.bl: error: C compilation failed
  compile_fail tests/test_jctkac_generic_inst_param_tid_population.bl: error: C compilation failed
  compile_fail tests/test_jctkac_generic_struct_lit_tid_population.bl: error: C compilation failed
  compile_fail tests/test_jctkac_get_var_struct_tid.bl: internal compiler error[CodegenStageNotBuilt]: cg_call closure values and compiler-provided calls is not built in this compiler
  compile_fail tests/test_jctkac_handle_alias_inner_tid.bl: internal compiler error[CodegenStageNotBuilt]: cg_call intrinsic 'async.spawn' is not built in this compiler
  compile_fail tests/test_jctkac_handle_inner_tid.bl: internal compiler error[CodegenStageNotBuilt]: cg_call intrinsic 'async.spawn' is not built in this compiler
  compile_fail tests/test_jctkac_handle_sname_tid.bl: internal compiler error[CodegenStageNotBuilt]: cg_call intrinsic 'async.spawn' is not built in this compiler
  compile_fail tests/test_jctkac_inline_list_literal_struct_elem.bl: error: C compilation failed
  compile_fail tests/test_jctkac_iterator_var_reader_tid.bl: internal compiler error[CodegenStageNotBuilt]: cg_call methods: Iterator.filter is not built in this compiler
  compile_fail tests/test_jctkac_let_bound_double_carrier_unwrap.bl: internal compiler error[CheckedElementReadNotLowered]: an element read answering Option has no lowering here
  compile_fail tests/test_jctkac_list_adapter_result_elem.bl: internal compiler error[CodegenStageNotBuilt]: cg_call methods: List.take is not built in this compiler
  compile_fail tests/test_jctkac_list_carrier_inner_struct_tid.bl: error: C compilation failed
  compile_fail tests/test_jctkac_list_elem_carrier_tid.bl: error: C compilation failed
  compile_fail tests/test_jctkac_list_elem_carrier_tp_tid.bl: internal compiler error[CodegenStageNotBuilt]: cg_call closure values and compiler-provided calls is not built in this compiler
  compile_fail tests/test_jctkac_list_elem_map_key_reader_tid.bl: internal compiler error[CodegenStageNotBuilt]: cg_call closure values and compiler-provided calls is not built in this compiler
  compile_fail tests/test_jctkac_list_elem_map_value_reader_tid.bl: internal compiler error[CodegenStageNotBuilt]: cg_call closure values and compiler-provided calls is not built in this compiler
  compile_fail tests/test_jctkac_list_elem_struct_tid.bl: error: C compilation failed
  compile_fail tests/test_jctkac_list_elem_tid_population.bl: internal compiler error[CodegenStageNotBuilt]: a match with no arm that is guaranteed to run is not built in this compiler
  compile_fail tests/test_jctkac_list_map_projection_temp_tid.bl: internal compiler error[CodegenStageNotBuilt]: cg_call closure values and compiler-provided calls is not built in this compiler
  compile_fail tests/test_jctkac_list_nested_elem_struct_tid.bl: internal compiler error[CheckedElementReadNotLowered]: an element read answering Option has no lowering here
  compile_fail tests/test_jctkac_list_option_inner_struct_tid.bl: internal compiler error[CheckedElementReadNotLowered]: an element read answering Option has no lowering here
  compile_fail tests/test_jctkac_list_pop_option_map_carrier.bl: internal compiler error[CodegenStageNotBuilt]: cg_call closure values and compiler-provided calls is not built in this compiler
  compile_fail tests/test_jctkac_list_result_err_struct_push_tid.bl: error: C compilation failed
  compile_fail tests/test_jctkac_map_field_value_tid.bl: internal compiler error[CodegenStageNotBuilt]: cg_call closure values and compiler-provided calls is not built in this compiler
  compile_fail tests/test_jctkac_map_list_alias_recovery.bl: internal compiler error[CodegenStageNotBuilt]: cg_call closure values and compiler-provided calls is not built in this compiler
  compile_fail tests/test_jctkac_map_list_elem_tid.bl: internal compiler error[CodegenStageNotBuilt]: cg_call closure values and compiler-provided calls is not built in this compiler
  compile_fail tests/test_jctkac_map_struct_key_annotation_kops.bl: internal compiler error[CodegenStageNotBuilt]: cg_call closure values and compiler-provided calls is not built in this compiler
  compile_fail tests/test_jctkac_map_struct_key_generic_field_value.bl: internal compiler error[CodegenStageNotBuilt]: cg_call closure values and compiler-provided calls is not built in this compiler
  compile_fail tests/test_jctkac_map_transparent_newtype_value.bl: internal compiler error[CodegenStageNotBuilt]: cg_call closure values and compiler-provided calls is not built in this compiler
  compile_fail tests/test_jctkac_map_value_reader_tid_only.bl: internal compiler error[CodegenStageNotBuilt]: cg_call closure values and compiler-provided calls is not built in this compiler
  compile_fail tests/test_jctkac_map_value_struct_tid.bl: internal compiler error[CodegenStageNotBuilt]: cg_call closure values and compiler-provided calls is not built in this compiler
  compile_fail tests/test_jctkac_mono_fn_param_tid_population.bl: error: C compilation failed
  compile_fail tests/test_jctkac_mut_capture_expr_kind_tid_first.bl: internal compiler error[BoxedCaptureNotLowered]: closure captures 's', whose value does not fit a capture word and needs a heap box no stage allocates yet
  compile_fail tests/test_jctkac_nested_match_binder_carrier.bl: internal compiler error[UnknownVariant]: type 383 has no variant Some
  compile_fail tests/test_jctkac_nested_option_container_reader.bl: error: C compilation failed
  compile_fail tests/test_jctkac_option_inner2_struct_tid.bl: internal compiler error[CodegenStageNotBuilt]: cg_call closure values and compiler-provided calls is not built in this compiler
  compile_fail tests/test_jctkac_option_result_struct_tid.bl: internal compiler error[CodegenStageNotBuilt]: cg_call closure values and compiler-provided calls is not built in this compiler
  compile_fail tests/test_jctkac_option_scalar_inner_tid.bl: internal compiler error[CodegenStageNotBuilt]: cg_call closure values and compiler-provided calls is not built in this compiler
  compile_fail tests/test_jctkac_option_tuple_unwrap_tid.bl: error: C compilation failed
  compile_fail tests/test_jctkac_poly_impl_ret_struct_tid.bl: error: C compilation failed
  compile_fail tests/test_jctkac_ptr_addr_returns_int.bl: internal compiler error[ElementScanNotLowered]: a scan that compares each element has no lowering here
  compile_fail tests/test_jctkac_push_map_value_carrier.bl: internal compiler error[CodegenStageNotBuilt]: cg_call closure values and compiler-provided calls is not built in this compiler
  compile_fail tests/test_jctkac_push_option_metavar_unwrap.bl: internal compiler error[CheckedElementReadNotLowered]: an element read answering Option has no lowering here
  compile_fail tests/test_jctkac_qm_result_ret_carrier_tid_first.bl: internal compiler error[UnhandledExprKind]: expression kind WithBlock has no lowering
  compile_fail tests/test_jctkac_result_carrier_binder_tid.bl: internal compiler error[CodegenStageNotBuilt]: cg_call closure values and compiler-provided calls is not built in this compiler
  compile_fail tests/test_jctkac_result_void_ok_slot_tid.bl: error: C compilation failed
  compile_fail tests/test_jctkac_scalar_ret_tid.bl: error: C compilation failed
  compile_fail tests/test_jctkac_set_elem_tid.bl: internal compiler error[ElementScanNotLowered]: a scan that compares each element has no lowering here
  compile_fail tests/test_jctkac_struct_field_tuple_read_tid.bl: internal compiler error[CodegenStageNotBuilt]: a nested pattern inside a variant payload is not built in this compiler
  compile_fail tests/test_jctkac_struct_global_tid_population.bl: error: C compilation failed
  compile_fail tests/test_jctkac_struct_ret_tid.bl: error: C compilation failed
  compile_fail tests/test_jctkac_sv_inner_tid.bl: internal compiler error[ElementScanNotLowered]: a scan that compares each element has no lowering here
  compile_fail tests/test_jctkac_task_mutcap_cell_tid.bl: internal compiler error[CodegenStageNotBuilt]: cg_call intrinsic 'async.spawn' is not built in this compiler
  compile_fail tests/test_jctkac_toplevel_map_tid.bl: internal compiler error[CodegenStageNotBuilt]: cg_call closure values and compiler-provided calls is not built in this compiler
  compile_fail tests/test_jctkac_toplevel_tuple_global_tid_population.bl: internal compiler error[CodegenStageNotBuilt]: an assignment to a place that is not a local is not built in this compiler
  compile_fail tests/test_jctkac_transparent_newtype_collection_reads.bl: internal compiler error[CheckedElementReadNotLowered]: an element read answering Option has no lowering here
  compile_fail tests/test_jctkac_tuple_lit_tid_population.bl: error: C compilation failed
  compile_fail tests/test_jctkac_tuple_scrut_elem_struct_tid.bl: error: C compilation failed
  compile_fail tests/test_jctkac_var_struct_tid_population.bl: error: C compilation failed
  compile_fail tests/test_jefm9w_parity_veto_live.bl: internal compiler error[ElementScanNotLowered]: a scan that compares each element has no lowering here
  compile_fail tests/test_jjhnf3_generic_enum_mono.bl: error: C compilation failed
  compile_fail tests/test_jkdywb_tuple_inline_container.bl: internal compiler error[CodegenStageNotBuilt]: cg_call closure values and compiler-provided calls is not built in this compiler
  compile_fail tests/test_jmqevm_generic_struct_option_ue.bl: internal compiler error[ElementScanNotLowered]: a scan that compares each element has no lowering here
  compile_fail tests/test_jq85k8_two_tparam_generic_fn_ret.bl: internal compiler error[ElementScanNotLowered]: a scan that compares each element has no lowering here
  compile_fail tests/test_jqb7gj_let_in_call_arg_block.bl: internal compiler error[UnhandledExprKind]: expression kind Block has no lowering
  compile_fail tests/test_json.bl: error: C compilation failed
  compile_fail tests/test_json_builder.bl: error: C compilation failed
  compile_fail tests/test_json_pretty.bl: error: C compilation failed
  compile_fail tests/test_json_roundtrip.bl: error: C compilation failed
  compile_fail tests/test_jv4zvw_mono_struct_carrier_field_typedef_order.bl: internal compiler error[CodegenStageNotBuilt]: cg_call closure values and compiler-provided calls is not built in this compiler
  compile_fail tests/test_jvy35h_list_join_signature.bl: internal compiler error[ElementScanNotLowered]: a scan that compares each element has no lowering here
  compile_fail tests/test_jw1pmb_box_list_slot.bl: internal compiler error[ElementScanNotLowered]: a scan that compares each element has no lowering here
  compile_fail tests/test_jywhyd_generic_derive.bl: internal compiler error[CodegenStageNotBuilt]: cg_derive for @derive(Debug) on the generic type 'Box' is not built in this compiler
  compile_fail tests/test_jzvxav_self_receiver_impl_tid.bl: internal compiler error[ElementScanNotLowered]: a scan that compares each element has no lowering here
  compile_fail tests/test_k131q6_list_pop_enum_element.bl: internal compiler error[CheckedElementReadNotLowered]: an element read answering Option has no lowering here
  compile_fail tests/test_k1z1q8_async_result_struct.bl: internal compiler error[CodegenStageNotBuilt]: cg_call intrinsic 'async.spawn' is not built in this compiler
  compile_fail tests/test_k4qp2c_test_body_compound_propagation.bl: error: C compilation failed
  compile_fail tests/test_k4thkq_enum_key_one_abi.bl: internal compiler error[AllocationSizeNotInIr]: 'scope.alloc_n' must say how many bytes its pointee takes, and no IR node carries a size
  compile_fail tests/test_k7hrcy_collect_iterator_only.bl: internal compiler error[ElementScanNotLowered]: a scan that compares each element has no lowering here
  compile_fail tests/test_k849am_if_result_unwrapped_branch.bl: error: C compilation failed
  compile_fail tests/test_k9agr8_blinkc_trace_channels.bl: internal compiler error[CodegenStageNotBuilt]: cg_call intrinsic 'fs.errno' is not built in this compiler
  compile_fail tests/test_keyword_args.bl: internal compiler error[UnhandledExprKind]: expression kind NamedArg has no lowering
  compile_fail tests/test_khf7zs_opaque_audit_ptr_and_qualifier.bl: internal compiler error[ElementScanNotLowered]: a scan that compares each element has no lowering here
  compile_fail tests/test_kjpq9p_option_transparent_var_let_annotation.bl: error: C compilation failed
  compile_fail tests/test_ksx1q7_tuple_binder_map_element.bl: internal compiler error[CodegenStageNotBuilt]: cg_call closure values and compiler-provided calls is not built in this compiler
  compile_fail tests/test_kvjfqt_fn_typevar_subst.bl: error: C compilation failed
  compile_fail tests/test_kvn6w8_struct_instance_tid.bl: internal compiler error[ElementScanNotLowered]: a scan that compares each element has no lowering here
  compile_fail tests/test_kwnp6p_tuple_elem_result_compound_inner.bl: internal compiler error[CodegenStageNotBuilt]: cg_call closure values and compiler-provided calls is not built in this compiler
  compile_fail tests/test_kx3m7p_closure_param_tparam_sig.bl: internal compiler error[ElementScanNotLowered]: a scan that compares each element has no lowering here
  compile_fail tests/test_kxe0s2_instant_duration_carrier.bl: internal compiler error[CodegenStageNotBuilt]: cg_call methods: Struct.to_ms is not built in this compiler
  compile_fail tests/test_layout_address_is_spelled_by_pointer_form.bl: internal compiler error[CodegenStageNotBuilt]: cg_call closure values and compiler-provided calls is not built in this compiler
  compile_fail tests/test_layout_binder_records_mutability.bl: internal compiler error[CodegenStageNotBuilt]: cg_call closure values and compiler-provided calls is not built in this compiler
  compile_fail tests/test_layout_bool_is_spelled_int_at_every_position.bl: internal compiler error[CodegenStageNotBuilt]: cg_call closure values and compiler-provided calls is not built in this compiler
  compile_fail tests/test_layout_c_spelling_all_kinds.bl: internal compiler error[CodegenStageNotBuilt]: cg_call closure values and compiler-provided calls is not built in this compiler
  compile_fail tests/test_layout_children_typedefs_binders.bl: internal compiler error[CodegenStageNotBuilt]: cg_call closure values and compiler-provided calls is not built in this compiler
  compile_fail tests/test_layout_container_slot_word_bridge.bl: internal compiler error[CodegenStageNotBuilt]: cg_call closure values and compiler-provided calls is not built in this compiler
  compile_fail tests/test_layout_current_instance_tid.bl: internal compiler error[CodegenStageNotBuilt]: cg_call closure values and compiler-provided calls is not built in this compiler
  compile_fail tests/test_layout_declines_never_guess.bl: internal compiler error[CodegenStageNotBuilt]: cg_call closure values and compiler-provided calls is not built in this compiler
  compile_fail tests/test_layout_fn_pointer_spelling_names_result_receiver_and_params.bl: internal compiler error[CodegenStageNotBuilt]: cg_call closure values and compiler-provided calls is not built in this compiler
  compile_fail tests/test_layout_kops_decline_distinguishes_defect_from_no_hash.bl: internal compiler error[CodegenStageNotBuilt]: cg_call closure values and compiler-provided calls is not built in this compiler
  compile_fail tests/test_layout_positions_and_slot_forms.bl: internal compiler error[CodegenStageNotBuilt]: cg_call closure values and compiler-provided calls is not built in this compiler
  compile_fail tests/test_layout_selfrec_fields.bl: internal compiler error[CodegenStageNotBuilt]: cg_call closure values and compiler-provided calls is not built in this compiler
  compile_fail tests/test_layout_stdlib_codegen_marks_are_module_gated.bl: internal compiler error[CodegenStageNotBuilt]: cg_call closure values and compiler-provided calls is not built in this compiler
  compile_fail tests/test_layout_varargs_and_carrier_members.bl: internal compiler error[CodegenStageNotBuilt]: cg_call closure values and compiler-provided calls is not built in this compiler
  compile_fail tests/test_lazy_iter.bl: internal compiler error[CodegenStageNotBuilt]: cg_call methods: List.take is not built in this compiler
  run_fail tests/test_let_binding_cross_module_struct_symbol.bl:   assertion failed: expected failure, got pass
  compile_fail tests/test_let_binding_types_come_from_tid_only.bl: internal compiler error[CodegenStageNotBuilt]: cg_call closure values and compiler-provided calls is not built in this compiler
  compile_fail tests/test_let_inside_if_branch_call_argument.bl: internal compiler error[ElementScanNotLowered]: a scan that compares each element has no lowering here
  compile_fail tests/test_let_shadows_param_same_name_codegen.bl: internal compiler error[ElementScanNotLowered]: a scan that compares each element has no lowering here
  compile_fail tests/test_let_underscore_discards_void_expr.bl: internal compiler error[SharedMutableCaptureNotLowered]: closure captures 'n', which the enclosing function can assign, and a shared mutable binding has no cell yet
  compile_fail tests/test_lex_unknown_char_is_error.bl: internal compiler error[ElementScanNotLowered]: a scan that compares each element has no lowering here
  compile_fail tests/test_libc_bytes.bl: internal compiler error[AllocationSizeNotInIr]: 'scope.alloc_n' must say how many bytes its pointee takes, and no IR node carries a size
  compile_fail tests/test_libc_poll.bl: internal compiler error[AllocationSizeNotInIr]: 'scope.alloc_n' must say how many bytes its pointee takes, and no IR node carries a size
  compile_fail tests/test_library_no_main.bl: error: C compilation failed
  compile_fail tests/test_lint_overrides.bl: internal compiler error[ElementScanNotLowered]: a scan that compares each element has no lowering here
  compile_fail tests/test_list_binder_elem_from_tid.bl: error: C compilation failed
  compile_fail tests/test_list_bracket_index_syntax_rejected_not_ice.bl: internal compiler error[ElementScanNotLowered]: a scan that compares each element has no lowering here
  compile_fail tests/test_list_carrier_same_name_reader.bl: internal compiler error[MapSlotMethodNotLowered]: 'Map.get' takes a value back out of the slot beside the key, and no node wraps it
  compile_fail tests/test_list_clear.bl: internal compiler error[CodegenStageNotBuilt]: cg_call closure values and compiler-provided calls is not built in this compiler
  compile_fail tests/test_list_compound_elem_tid.bl: internal compiler error[CodegenStageNotBuilt]: cg_call closure values and compiler-provided calls is not built in this compiler
  compile_fail tests/test_list_data_enum_literal.bl: error: C compilation failed
  compile_fail tests/test_list_elem_leak.bl: error: C compilation failed
  compile_fail tests/test_list_elem_tid_authority.bl: error: C compilation failed
  compile_fail tests/test_list_element_pattern_binder_decl_unbox_agreement.bl: internal compiler error[ElementScanNotLowered]: a scan that compares each element has no lowering here
  compile_fail tests/test_list_enum_get.bl: error: C compilation failed
  compile_fail tests/test_list_get_transparent_newtype_option_carrier.bl: error: C compilation failed
  compile_fail tests/test_list_hof_result_supports_list_methods.bl: internal compiler error[CodegenStageNotBuilt]: cg_call methods: List.count is not built in this compiler
  compile_fail tests/test_list_hof_stdlib.bl: internal compiler error[SharedMutableCaptureNotLowered]: closure captures 'sum', which the enclosing function can assign, and a shared mutable binding has no cell yet
  compile_fail tests/test_list_is_empty.bl: internal compiler error[CheckedElementReadNotLowered]: an element read answering Option has no lowering here
  compile_fail tests/test_list_map_elem_from_tid.bl: internal compiler error[CodegenStageNotBuilt]: cg_call closure values and compiler-provided calls is not built in this compiler
  compile_fail tests/test_list_map_reassign_value_type.bl: internal compiler error[CodegenStageNotBuilt]: an assignment to a place that is not a local is not built in this compiler
  compile_fail tests/test_list_map_struct_value.bl: internal compiler error[CodegenStageNotBuilt]: cg_call closure values and compiler-provided calls is not built in this compiler
  compile_fail tests/test_list_map_unwrap_value_type.bl: internal compiler error[CodegenStageNotBuilt]: cg_call closure values and compiler-provided calls is not built in this compiler
  compile_fail tests/test_list_of_map_get.bl: internal compiler error[CodegenStageNotBuilt]: cg_call closure values and compiler-provided calls is not built in this compiler
  compile_fail tests/test_list_of_map_tuple_value_fn_return_get_element_kind.bl: internal compiler error[ElementScanNotLowered]: a scan that compares each element has no lowering here
  compile_fail tests/test_list_of_tuple_with_option_elem_push_get.bl: error: C compilation failed
  compile_fail tests/test_list_option_ffi_opaque_pattern_match.bl: internal compiler error[ElementScanNotLowered]: a scan that compares each element has no lowering here
  compile_fail tests/test_list_option_str_struct_field_loop_carrier.bl: internal compiler error[ElementScanNotLowered]: a scan that compares each element has no lowering here
  compile_fail tests/test_list_param_elem.bl: error: C compilation failed
  compile_fail tests/test_list_patterns.bl: internal compiler error[CodegenStageNotBuilt]: a match on this pattern shape is not built in this compiler
  compile_fail tests/test_list_push_map_ctor_arg_infers_key_kops.bl: internal compiler error[CodegenStageNotBuilt]: cg_call closure values and compiler-provided calls is not built in this compiler
  compile_fail tests/test_list_recursive_enum.bl: error: C compilation failed
  compile_fail tests/test_list_str_field_intermediate_let.bl: error: C compilation failed
  compile_fail tests/test_list_transparent_newtype_element_get.bl: error: C compilation failed
  compile_fail tests/test_lockfile.bl: internal compiler error[CodegenStageNotBuilt]: an assignment to a place that is not a local is not built in this compiler
  compile_fail tests/test_loop_tail_return_scan.bl: internal compiler error[ValuePositionExprMovesWork]: IfExpr in value position stands after work its arms would run before
  compile_fail tests/test_lsp.bl: internal compiler error[CodegenStageNotBuilt]: an assignment to a place that is not a local is not built in this compiler
  compile_fail tests/test_m039bn_map_out_of_list_container_value.bl: internal compiler error[CodegenStageNotBuilt]: cg_call closure values and compiler-provided calls is not built in this compiler
  compile_fail tests/test_m1wspm_ctor_kops_generic_param.bl: internal compiler error[ElementScanNotLowered]: a scan that compares each element has no lowering here
  compile_fail tests/test_m4vk9d_ue_handler_option_erasure.bl: internal compiler error[ElementScanNotLowered]: a scan that compares each element has no lowering here
  compile_fail tests/test_m7mh29_assert_panics_thread_isolation.bl: internal compiler error[ElementScanNotLowered]: a scan that compares each element has no lowering here
  compile_fail tests/test_ma6n41_generic_typevar_compound_return.bl: internal compiler error[CodegenStageNotBuilt]: cg_call closure values and compiler-provided calls is not built in this compiler
  compile_fail tests/test_manifest.bl: internal compiler error[CodegenStageNotBuilt]: cg_call closure values and compiler-provided calls is not built in this compiler
  compile_fail tests/test_map.bl: internal compiler error[CodegenStageNotBuilt]: cg_call closure values and compiler-provided calls is not built in this compiler
  compile_fail tests/test_map_aliases.bl: internal compiler error[CodegenStageNotBuilt]: cg_call closure values and compiler-provided calls is not built in this compiler
  compile_fail tests/test_map_closure.bl: internal compiler error[CodegenStageNotBuilt]: cg_call closure values and compiler-provided calls is not built in this compiler
  compile_fail tests/test_map_coalesce_key_struct_type.bl: internal compiler error[CodegenStageNotBuilt]: cg_call closure values and compiler-provided calls is not built in this compiler
  compile_fail tests/test_map_compound_closure_return_diagnostic.bl: internal compiler error[ElementScanNotLowered]: a scan that compares each element has no lowering here
  compile_fail tests/test_map_enum_key_survives_fn_param.bl: internal compiler error[MapSlotMethodNotLowered]: 'Map.get' takes a value back out of the slot beside the key, and no node wraps it
  compile_fail tests/test_map_enum_keys.bl: internal compiler error[CodegenStageNotBuilt]: cg_call closure values and compiler-provided calls is not built in this compiler
  compile_fail tests/test_map_fn_return.bl: internal compiler error[CodegenStageNotBuilt]: cg_call closure values and compiler-provided calls is not built in this compiler
  compile_fail tests/test_map_for_in_transparent_newtype_value_binding.bl: internal compiler error[CodegenStageNotBuilt]: cg_call closure values and compiler-provided calls is not built in this compiler
  compile_fail tests/test_map_free_fns_generic_k.bl: internal compiler error[CodegenStageNotBuilt]: cg_call closure values and compiler-provided calls is not built in this compiler
  compile_fail tests/test_map_hof_stdlib.bl: internal compiler error[MapSlotMethodNotLowered]: 'Map.get' takes a value back out of the slot beside the key, and no node wraps it
  compile_fail tests/test_map_hof_stdlib_generic_k.bl: internal compiler error[MapSlotMethodNotLowered]: 'Map.get' takes a value back out of the slot beside the key, and no node wraps it
  compile_fail tests/test_map_insert_struct_call_value_boxing.bl: internal compiler error[ElementScanNotLowered]: a scan that compares each element has no lowering here
  compile_fail tests/test_map_int_key_survives_alias_into_list.bl: internal compiler error[CodegenStageNotBuilt]: cg_call closure values and compiler-provided calls is not built in this compiler
  compile_fail tests/test_map_int_keys.bl: internal compiler error[CodegenStageNotBuilt]: cg_call closure values and compiler-provided calls is not built in this compiler
  compile_fail tests/test_map_list_values.bl: internal compiler error[MapSlotMethodNotLowered]: 'Map.get' takes a value back out of the slot beside the key, and no node wraps it
  compile_fail tests/test_map_local_reregistration_value_preserved.bl: internal compiler error[CodegenStageNotBuilt]: cg_call closure values and compiler-provided calls is not built in this compiler
  compile_fail tests/test_map_nested_tuple_key_distinguishes_inner_element.bl: internal compiler error[CodegenStageNotBuilt]: cg_call closure values and compiler-provided calls is not built in this compiler
  compile_fail tests/test_map_row_get.bl: internal compiler error[MapSlotMethodNotLowered]: 'Map.get' takes a value back out of the slot beside the key, and no node wraps it
  compile_fail tests/test_map_same_name_rebind_reader.bl: internal compiler error[MapSlotMethodNotLowered]: 'Map.get' takes a value back out of the slot beside the key, and no node wraps it
  compile_fail tests/test_map_seed_deterministic.bl: internal compiler error[CodegenStageNotBuilt]: cg_call closure values and compiler-provided calls is not built in this compiler
  compile_fail tests/test_map_single_level_generic_struct_key_return_ann.bl: internal compiler error[ElementScanNotLowered]: a scan that compares each element has no lowering here
  compile_fail tests/test_map_struct.bl: internal compiler error[CodegenStageNotBuilt]: cg_call closure values and compiler-provided calls is not built in this compiler
  compile_fail tests/test_map_struct_field_get.bl: internal compiler error[MapSlotMethodNotLowered]: 'Map.get' takes a value back out of the slot beside the key, and no node wraps it
  compile_fail tests/test_map_struct_get.bl: internal compiler error[MapSlotMethodNotLowered]: 'Map.get' takes a value back out of the slot beside the key, and no node wraps it
  compile_fail tests/test_map_struct_keys.bl: internal compiler error[CodegenStageNotBuilt]: cg_call closure values and compiler-provided calls is not built in this compiler
  compile_fail tests/test_map_struct_sized_int_keys.bl: internal compiler error[CodegenStageNotBuilt]: cg_call closure values and compiler-provided calls is not built in this compiler
  compile_fail tests/test_map_tuple_keys.bl: internal compiler error[CodegenStageNotBuilt]: cg_call closure values and compiler-provided calls is not built in this compiler
  compile_fail tests/test_map_value_carrier_registration_via_param.bl: internal compiler error[ElementScanNotLowered]: a scan that compares each element has no lowering here
  compile_fail tests/test_map_values_from_unannotated_call_binding.bl: internal compiler error[CodegenStageNotBuilt]: cg_call closure values and compiler-provided calls is not built in this compiler
  compile_fail tests/test_match_arm_binder_generic_enum_closure_call_result.bl: error: C compilation failed
  compile_fail tests/test_match_arm_block_closure_call_tail.bl: internal compiler error[UnhandledExprKind]: expression kind Block has no lowering
  compile_fail tests/test_match_arm_node_stamped_tid.bl: internal compiler error[CodegenStageNotBuilt]: cg_call closure values and compiler-provided calls is not built in this compiler
  compile_fail tests/test_match_binder_captured_carrier_inner_container_args.bl: internal compiler error[CodegenStageNotBuilt]: cg_call closure values and compiler-provided calls is not built in this compiler
  compile_fail tests/test_match_binder_types_come_from_tid_only.bl: internal compiler error[CodegenStageNotBuilt]: cg_call closure values and compiler-provided calls is not built in this compiler
  compile_fail tests/test_match_data_enum_str.bl: error: C compilation failed
  compile_fail tests/test_match_expr_option_ptr_arm_value.bl: error[InvalidPtrType]: invalid Ptr type parameter 'RPoint' — only Void, U8-U64, I8-I64, Int, Float, Ptr, @ffi.struct, or @ffi.opaque types are allowed
  compile_fail tests/test_match_generic_enum_instance_struct_field_binder.bl: internal compiler error[ElementScanNotLowered]: a scan that compares each element has no lowering here
  compile_fail tests/test_match_multi_enum.bl: error: C compilation failed
  compile_fail tests/test_match_option_tuple_binder_nested_match.bl: internal compiler error[ElementScanNotLowered]: a scan that compares each element has no lowering here
  compile_fail tests/test_match_result_enum.bl: internal compiler error[AssertCompareAggregateNotBuilt]: assert_eq over a struct, an enum, a Result or an Option has no lowering yet
  compile_fail tests/test_match_result_list_struct.bl: error: C compilation failed
  compile_fail tests/test_match_result_struct.bl: internal compiler error[AssertCompareAggregateNotBuilt]: assert_eq over a struct, an enum, a Result or an Option has no lowering yet
  compile_fail tests/test_match_some_list_struct.bl: error: C compilation failed
  compile_fail tests/test_match_tryfrom_direct.bl: error: C compilation failed
  compile_fail tests/test_match_tuple_call.bl: internal compiler error[CodegenStageNotBuilt]: a nested pattern inside a variant payload is not built in this compiler
  compile_fail tests/test_match_void_call.bl: internal compiler error[CodegenStageNotBuilt]: an assignment to a place that is not a local is not built in this compiler
  compile_fail tests/test_method_call_arg_check_resolves_metavar.bl: internal compiler error[CodegenStageNotBuilt]: cg_call closure values and compiler-provided calls is not built in this compiler
  compile_fail tests/test_method_receiver_kind_comes_from_tid.bl: internal compiler error[CodegenStageNotBuilt]: cg_call closure values and compiler-provided calls is not built in this compiler
  compile_fail tests/test_method_validation.bl: internal compiler error[CodegenStageNotBuilt]: cg_call closure values and compiler-provided calls is not built in this compiler
  compile_fail tests/test_mf6nxt_option_tuple_push.bl: error: C compilation failed
  compile_fail tests/test_middleware.bl: internal compiler error[CodegenStageNotBuilt]: cg_call methods: Struct.process is not built in this compiler
  compile_fail tests/test_mjsbwm_value_receiver_static_fnsig.bl: internal compiler error[CodegenStageNotBuilt]: cg_call closure values and compiler-provided calls is not built in this compiler
  compile_fail tests/test_mmegcb_set_tuple_elem.bl: internal compiler error[CodegenStageNotBuilt]: cg_call closure values and compiler-provided calls is not built in this compiler
  compile_fail tests/test_mn55f7_option_struct_tuple_elem.bl: error: C compilation failed
  compile_fail tests/test_modifies_stub.bl: internal compiler error[ElementScanNotLowered]: a scan that compares each element has no lowering here
  compile_fail tests/test_module_let_immutable_rejects_mutating_method.bl: internal compiler error[ElementScanNotLowered]: a scan that compares each element has no lowering here
  compile_fail tests/test_module_let_read_cross_module_node_tid.bl: internal compiler error[CodegenStageNotBuilt]: cg_call closure values and compiler-provided calls is not built in this compiler
  compile_fail tests/test_module_level_let_calls_toplevel_fn.bl: internal compiler error[ElementScanNotLowered]: a scan that compares each element has no lowering here
  compile_fail tests/test_module_level_let_generic_struct_mono_typedef_order.bl: error: C compilation failed
  compile_fail tests/test_module_level_let_result_carrier_over_enum_typedef_order.bl: internal compiler error[ElementScanNotLowered]: a scan that compares each element has no lowering here
  compile_fail tests/test_module_level_option_list_carrier_typedef.bl: internal compiler error[ElementScanNotLowered]: a scan that compares each element has no lowering here
  compile_fail tests/test_module_level_tuple_destructure_binds_nothing.bl: internal compiler error[ElementScanNotLowered]: a scan that compares each element has no lowering here
  compile_fail tests/test_module_qualified_result_carrier_tag_not_doubled.bl: internal compiler error[ElementScanNotLowered]: a scan that compares each element has no lowering here
  compile_fail tests/test_mono_binder_identity.bl: internal compiler error[CodegenStageNotBuilt]: cg_call closure values and compiler-provided calls is not built in this compiler
  compile_fail tests/test_mono_field_through_generic_binder_records_instance_tid.bl: internal compiler error[CodegenStageNotBuilt]: cg_call closure values and compiler-provided calls is not built in this compiler
  compile_fail tests/test_mono_field_type_follows_receiver_binder.bl: internal compiler error[CodegenStageNotBuilt]: cg_call closure values and compiler-provided calls is not built in this compiler
  compile_fail tests/test_mono_generic_call_follows_importing_file.bl: internal compiler error[CodegenStageNotBuilt]: cg_call closure values and compiler-provided calls is not built in this compiler
  compile_fail tests/test_mono_instance_key_is_per_declaration.bl: internal compiler error[CodegenStageNotBuilt]: cg_call closure values and compiler-provided calls is not built in this compiler
  compile_fail tests/test_mono_list_hof_method_registers_stdlib_generic.bl: internal compiler error[CodegenStageNotBuilt]: cg_call closure values and compiler-provided calls is not built in this compiler
  compile_fail tests/test_mono_metavar_canon_dedup.bl: internal compiler error[CodegenStageNotBuilt]: cg_call closure values and compiler-provided calls is not built in this compiler
  compile_fail tests/test_mono_method_own_type_param_in_poly_impl.bl: internal compiler error[CodegenStageNotBuilt]: cg_call closure values and compiler-provided calls is not built in this compiler
  compile_fail tests/test_mono_node_tid_for_ice.bl: internal compiler error[CodegenStageNotBuilt]: cg_call closure values and compiler-provided calls is not built in this compiler
  compile_fail tests/test_mono_nodekind_coverage.bl: internal compiler error[CodegenStageNotBuilt]: cg_call closure values and compiler-provided calls is not built in this compiler
  compile_fail tests/test_mono_per_module_emit_runs.bl: internal compiler error[CodegenStageNotBuilt]: cg_call intrinsic 'fs.errno' is not built in this compiler
  compile_fail tests/test_mono_poly_method_call_target_per_instance.bl: internal compiler error[CodegenStageNotBuilt]: cg_call closure values and compiler-provided calls is not built in this compiler
  compile_fail tests/test_mono_roots_and_reach.bl: internal compiler error[CodegenStageNotBuilt]: cg_call closure values and compiler-provided calls is not built in this compiler
  compile_fail tests/test_mono_set_instances_distinct.bl: internal compiler error[CodegenStageNotBuilt]: cg_call closure values and compiler-provided calls is not built in this compiler
  compile_fail tests/test_mono_struct_field_option_map_key_type.bl: internal compiler error[UnspellableExprType]: expression has no C layout: cname refused the name: BLINK_I0001_unsolved_typevar_at_codegen
  compile_fail tests/test_mono_trait_method_own_type_param_instance.bl: internal compiler error[CodegenStageNotBuilt]: cg_call closure values and compiler-provided calls is not built in this compiler
  compile_fail tests/test_mono_typevar_binder_identity.bl: internal compiler error[CodegenStageNotBuilt]: cg_call closure values and compiler-provided calls is not built in this compiler
  compile_fail tests/test_msezvm_with_ptr_unascribed_ret.bl: internal compiler error[ElementScanNotLowered]: a scan that compares each element has no lowering here
  compile_fail tests/test_msqtkd_ok_option_var_and_nested_option.bl: error: C compilation failed
  compile_fail tests/test_multiline_call_format.bl: internal compiler error[ElementScanNotLowered]: a scan that compares each element has no lowering here
  compile_fail tests/test_mut_captures.bl: internal compiler error[SharedMutableCaptureNotLowered]: closure captures 'counter', which the enclosing function can assign, and a shared mutable binding has no cell yet
  compile_fail tests/test_mut_result_backpin_nonstr_err.bl: internal compiler error[ElementScanNotLowered]: a scan that compares each element has no lowering here
  compile_fail tests/test_mutation_analysis.bl: internal compiler error[ElementScanNotLowered]: a scan that compares each element has no lowering here
  compile_fail tests/test_mv45y5_set_elem_authority.bl: internal compiler error[ElementScanNotLowered]: a scan that compares each element has no lowering here
  compile_fail tests/test_n3fxpz_map_set_value_consumers.bl: internal compiler error[MapSlotMethodNotLowered]: 'Map.get' takes a value back out of the slot beside the key, and no node wraps it
  compile_fail tests/test_n84s1p_intrinsic_allowlist_arms.bl: internal compiler error[ElementScanNotLowered]: a scan that compares each element has no lowering here
  compile_fail tests/test_n8mmry_closure_own_ret_typecheck.bl: internal compiler error[ElementScanNotLowered]: a scan that compares each element has no lowering here
  compile_fail tests/test_n90j7j_open_global_no_metavar_leak.bl: internal compiler error[ElementScanNotLowered]: a scan that compares each element has no lowering here
  compile_fail tests/test_name_resolution.bl: internal compiler error[ElementScanNotLowered]: a scan that compares each element has no lowering here
  compile_fail tests/test_named_fn_ref_passed_to_filter.bl: internal compiler error[ElementScanNotLowered]: a scan that compares each element has no lowering here
  compile_fail tests/test_named_fn_return_generic_enum_instance_with_nullary_variant.bl: internal compiler error[ElementScanNotLowered]: a scan that compares each element has no lowering here
  compile_fail tests/test_ndgx84_container_closure_callable.bl: error: C compilation failed
  compile_fail tests/test_nested_closure_recapture_outer_own_capture.bl: internal compiler error[ElementScanNotLowered]: a scan that compares each element has no lowering here
  compile_fail tests/test_nested_compound_types.bl: internal compiler error[CodegenStageNotBuilt]: cg_call closure values and compiler-provided calls is not built in this compiler
  compile_fail tests/test_nested_destructure_through_boxed_recursive_enum.bl: internal compiler error[CodegenStageNotBuilt]: a nested pattern inside a variant payload is not built in this compiler
  compile_fail tests/test_nested_generic_struct_field_typevar_substitution.bl: internal compiler error[ElementScanNotLowered]: a scan that compares each element has no lowering here
  compile_fail tests/test_nested_list_get.bl: error: C compilation failed
  compile_fail tests/test_nested_list_literal_unannotated_elem_type_preserved.bl: error: C compilation failed
  compile_fail tests/test_nested_list_struct.bl: error: C compilation failed
  compile_fail tests/test_nested_option_generic_struct_payload_construction.bl: error: C compilation failed
  compile_fail tests/test_nested_option_of_map_boxing.bl: internal compiler error[ElementScanNotLowered]: a scan that compares each element has no lowering here
  compile_fail tests/test_net_integration.bl: internal compiler error[CodegenStageNotBuilt]: cg_call methods: Struct.process is not built in this compiler
  compile_fail tests/test_nmzvy9_expr_operand_temp_tid.bl: internal compiler error[ElementScanNotLowered]: a scan that compares each element has no lowering here
  compile_fail tests/test_node_tid_memo_never_unknown.bl: internal compiler error[CodegenStageNotBuilt]: cg_call closure values and compiler-provided calls is not built in this compiler
  compile_fail tests/test_non_function_and_non_handle_operands_diagnosed.bl: internal compiler error[ElementScanNotLowered]: a scan that compares each element has no lowering here
  compile_fail tests/test_nongeneric_enum_variant_generic_struct_payload.bl: internal compiler error[ElementScanNotLowered]: a scan that compares each element has no lowering here
  compile_fail tests/test_nonopaque_option_let_inside_opaque_returning_fn.bl: internal compiler error[ElementScanNotLowered]: a scan that compares each element has no lowering here
  compile_fail tests/test_nprhy8_list_set_elem.bl: internal compiler error[ElementScanNotLowered]: a scan that compares each element has no lowering here
  compile_fail tests/test_nrrs28_template_introspection_types.bl: internal compiler error[ElementScanNotLowered]: a scan that compares each element has no lowering here
  compile_fail tests/test_ns7qdm_struct_return_signature.bl: error: C compilation failed
  compile_fail tests/test_nss31w_generic_fn_struct_instance_arg.bl: error: C compilation failed
  compile_fail tests/test_nvvx3w_byte_pin_callee_position.bl: internal compiler error[ElementScanNotLowered]: a scan that compares each element has no lowering here
  compile_fail tests/test_nxnnxe_derive_method_signatures.bl: internal compiler error[ElementScanNotLowered]: a scan that compares each element has no lowering here
  compile_fail tests/test_nyzkzs_qualified_enum_scrut_once.bl: internal compiler error[CodegenStageNotBuilt]: an assignment to a place that is not a local is not built in this compiler
  compile_fail tests/test_nz7drz_closure_fn_tid.bl: internal compiler error[CodegenStageNotBuilt]: cg_call closure values and compiler-provided calls is not built in this compiler
  compile_fail tests/test_nz84sz_list_result_map_element.bl: internal compiler error[CodegenStageNotBuilt]: cg_call closure values and compiler-provided calls is not built in this compiler
  compile_fail tests/test_objcache_lookup.bl: error: C compilation failed
  compile_fail tests/test_old_expr.bl: internal compiler error[ElementScanNotLowered]: a scan that compares each element has no lowering here
  compile_fail tests/test_option_container_match_binder_elem.bl: internal compiler error[MapSlotMethodNotLowered]: 'Map.get' takes a value back out of the slot beside the key, and no node wraps it
  compile_fail tests/test_option_derive_method_no_ice_alongside_error.bl: internal compiler error[ElementScanNotLowered]: a scan that compares each element has no lowering here
  compile_fail tests/test_option_enum_unwrap_dispatches_enum_method.bl: internal compiler error[CodegenStageNotBuilt]: cg_call methods: Enum.to_str is not built in this compiler
  compile_fail tests/test_option_inner_container_ct_tid.bl: internal compiler error[CodegenStageNotBuilt]: cg_call closure values and compiler-provided calls is not built in this compiler
  compile_fail tests/test_option_inner_ct_tid.bl: internal compiler error[CodegenStageNotBuilt]: cg_call closure values and compiler-provided calls is not built in this compiler
  compile_fail tests/test_option_map_list_ptr.bl: internal compiler error[CodegenStageNotBuilt]: cg_call closure values and compiler-provided calls is not built in this compiler
  compile_fail tests/test_option_map_str_key_generic_instance_value_unwrap.bl: internal compiler error[CodegenStageNotBuilt]: cg_call closure values and compiler-provided calls is not built in this compiler
  compile_fail tests/test_option_nested_list_struct.bl: error: C compilation failed
  compile_fail tests/test_option_ptr_unwrap_pointee_field_access.bl: internal compiler error[ElementScanNotLowered]: a scan that compares each element has no lowering here
  compile_fail tests/test_option_result_struct_err_annotation_recovery.bl: error: C compilation failed
  compile_fail tests/test_option_result_two_struct_carriers_nested.bl: internal compiler error[PanicPayloadHasNoDisplay]: a Struct value a panic names has no Display impl, and this stage will not name it by its type instead
  compile_fail tests/test_option_same_name_reader.bl: internal compiler error[CodegenStageNotBuilt]: cg_call closure values and compiler-provided calls is not built in this compiler
  compile_fail tests/test_option_scalar_tid_carrier.bl: internal compiler error[CheckedElementReadNotLowered]: an element read answering Option has no lowering here
  compile_fail tests/test_option_str_coalesce.bl: internal compiler error[PanicPayloadHasNoDisplay]: a Enum value a panic names has no Display impl, and this stage will not name it by its type instead
  compile_fail tests/test_option_struct_ref.bl: internal compiler error[CheckedElementReadNotLowered]: an element read answering Option has no lowering here
  compile_fail tests/test_option_tuple_match_binder_payload.bl: internal compiler error[ElementScanNotLowered]: a scan that compares each element has no lowering here
  compile_fail tests/test_option_unwrap_no_double_eval.bl: internal compiler error[MapSlotMethodNotLowered]: 'Map.get' takes a value back out of the slot beside the key, and no node wraps it
  compile_fail tests/test_option_user_enum.bl: error: C compilation failed
  compile_fail tests/test_option_void_binder_scalar_arm.bl: internal compiler error[ElementScanNotLowered]: a scan that compares each element has no lowering here
  compile_fail tests/test_option_wrapped_map_result_insert_value_carrier.bl: internal compiler error[ElementScanNotLowered]: a scan that compares each element has no lowering here
  compile_fail tests/test_p24dfj_mono_param_compound_local_binding.bl: internal compiler error[CodegenStageNotBuilt]: cg_call closure values and compiler-provided calls is not built in this compiler
  compile_fail tests/test_p24dfj_poly_impl_param_compound_local_binding.bl: internal compiler error[UnspellableExprType]: expression has no C layout: unbound metavariable
  compile_fail tests/test_p4bv67_generic_struct_spread.bl: error: C compilation failed
  compile_fail tests/test_p512vv_list_option_alias_inner.bl: internal compiler error[CodegenStageNotBuilt]: cg_call methods: List.find is not built in this compiler
  compile_fail tests/test_p9ddps_block_let_if_tail.bl: internal compiler error[UnhandledExprKind]: expression kind Block has no lowering
  compile_fail tests/test_p9ddps_block_let_match_tail.bl: internal compiler error[UnhandledExprKind]: expression kind Block has no lowering
  compile_fail tests/test_p9ddps_block_let_str_tail.bl: internal compiler error[UnhandledExprKind]: expression kind Block has no lowering
  compile_fail tests/test_p9exeq_user_char_variant_no_stdlib_e1003.bl: error: C compilation failed
  compile_fail tests/test_p9wm4c_mutating_method_arg_position.bl: internal compiler error[ElementScanNotLowered]: a scan that compares each element has no lowering here
  compile_fail tests/test_pa9xm3_option_struct_stdlib_name_collision.bl: error: C compilation failed
  run_fail tests/test_panic_fmt_percent_path.bl: test panic file path with percent is doubled in emitted C ... FAIL
  run_fail tests/test_panic_loc_emit_c.bl: test panic_line_str emits numeric line for real .unwrap() site ... ok
  compile_fail tests/test_param_types_come_from_tid_only.bl: internal compiler error[MapSlotMethodNotLowered]: 'Map.get' takes a value back out of the slot beside the key, and no node wraps it
  compile_fail tests/test_parser_diag_source_caret.bl: internal compiler error[CodegenStageNotBuilt]: cg_call intrinsic 'fs.errno' is not built in this compiler
  compile_fail tests/test_parser_diag_token_names.bl: internal compiler error[CodegenStageNotBuilt]: cg_call intrinsic 'fs.errno' is not built in this compiler
  compile_fail tests/test_parser_errors.bl: internal compiler error[ElementScanNotLowered]: a scan that compares each element has no lowering here
  compile_fail tests/test_parser_no_panic_on_lex_error.bl: internal compiler error[ElementScanNotLowered]: a scan that compares each element has no lowering here
  compile_fail tests/test_pathdeps.bl: internal compiler error[CodegenStageNotBuilt]: cg_call closure values and compiler-provided calls is not built in this compiler
  compile_fail tests/test_patterns.bl: internal compiler error[CodegenStageNotBuilt]: a match on this pattern shape is not built in this compiler
  compile_fail tests/test_pbnys8_errno_boundary.bl: internal compiler error[ElementScanNotLowered]: a scan that compares each element has no lowering here
  compile_fail tests/test_pdvrsj_closure_container_return.bl: error: C compilation failed
  compile_fail tests/test_pgc3d9_closure_arg_body_walk.bl: internal compiler error[CodegenStageNotBuilt]: cg_call closure values and compiler-provided calls is not built in this compiler
  compile_fail tests/test_phantom_tparam_pinned_by_fn_return_ann.bl: internal compiler error[ElementScanNotLowered]: a scan that compares each element has no lowering here
  compile_fail tests/test_pktmea_poly_impl_arena_promote.bl: internal compiler error[UnhandledExprKind]: expression kind WithBlock has no lowering
  compile_fail tests/test_plain_enum_list_literal.bl: error: C compilation failed
  compile_fail tests/test_poly_impl_generic_enum_param.bl: error: C compilation failed
  compile_fail tests/test_poly_impl_generic_instance_param.bl: error: C compilation failed
  compile_fail tests/test_poly_impl_generic_mono_instance_return.bl: error: C compilation failed
  compile_fail tests/test_poly_impl_mono_ms4ctb.bl: internal compiler error[ElementScanNotLowered]: a scan that compares each element has no lowering here
  compile_fail tests/test_poly_impl_option_tuple_param_mono_registration.bl: internal compiler error[ElementScanNotLowered]: a scan that compares each element has no lowering here
  compile_fail tests/test_poly_impl_recursive_method_call_self_typed_enum.bl: internal compiler error[ElementScanNotLowered]: a scan that compares each element has no lowering here
  compile_fail tests/test_poly_impl_tuple_param_typevar_mono_signature.bl: internal compiler error[ElementScanNotLowered]: a scan that compares each element has no lowering here
  compile_fail tests/test_positional_variant_pattern_literal_condition.bl: internal compiler error[CodegenStageNotBuilt]: a nested pattern inside a variant payload is not built in this compiler
  compile_fail tests/test_priv_access.bl: internal compiler error[NameNotBound]: 'Red' is neither a typed binder in scope nor a module global
  compile_fail tests/test_promote_fwd_decl_ordering.bl: internal compiler error[CodegenStageNotBuilt]: a Closeable resource's cleanup is not built in this compiler
  compile_fail tests/test_ps5br9_ffi_scope_receiver_type.bl: internal compiler error[ElementScanNotLowered]: a scan that compares each element has no lowering here
  compile_fail tests/test_psrvff_phantom_generic_fn_tparam.bl: internal compiler error[CodegenStageNotBuilt]: cg_call intrinsic 'fs.errno' is not built in this compiler
  compile_fail tests/test_ptr_basic.bl: internal compiler error[CodegenStageNotBuilt]: cg_call closure values and compiler-provided calls is not built in this compiler
  compile_fail tests/test_ptr_field_pointee_field_access.bl: internal compiler error[ElementScanNotLowered]: a scan that compares each element has no lowering here
  compile_fail tests/test_ptr_string.bl: internal compiler error[CodegenStageNotBuilt]: cg_call methods: Ptr.is_null is not built in this compiler
  compile_fail tests/test_pub_import.bl: internal compiler error[CodegenStageNotBuilt]: cg_call closure values and compiler-provided calls is not built in this compiler
  compile_fail tests/test_punctuation_only_name_diff_test_symbols.bl: internal compiler error[ElementScanNotLowered]: a scan that compares each element has no lowering here
  compile_fail tests/test_pure_annotation.bl: internal compiler error[ElementScanNotLowered]: a scan that compares each element has no lowering here
  compile_fail tests/test_push_built_list_option_unwrap_and_match.bl: error: C compilation failed
  compile_fail tests/test_push_empty_map_ctor_pins_key_kops.bl: internal compiler error[ElementScanNotLowered]: a scan that compares each element has no lowering here
  compile_fail tests/test_pushed_list_option_elem_take_carrier.bl: internal compiler error[CodegenStageNotBuilt]: cg_call methods: List.take is not built in this compiler
  compile_fail tests/test_pvhaew_derive_hash_callable.bl: internal compiler error[ElementScanNotLowered]: a scan that compares each element has no lowering here
  compile_fail tests/test_q0szsg_fn_tid_resolved_before_pool_read.bl: internal compiler error[ElementScanNotLowered]: a scan that compares each element has no lowering here
  compile_fail tests/test_q1pxhm_spread_source_elem_check.bl: internal compiler error[ElementScanNotLowered]: a scan that compares each element has no lowering here
  compile_fail tests/test_q21fh2_no_duplicate_let_rhs_error.bl: internal compiler error[CodegenStageNotBuilt]: cg_call intrinsic 'fs.errno' is not built in this compiler
  compile_fail tests/test_q2z4wh_interp_large_value.bl: internal compiler error[CodegenStageNotBuilt]: an assignment to a place that is not a local is not built in this compiler
  compile_fail tests/test_q3ssqw_ptr_call_return_pointee.bl: internal compiler error[CodegenStageNotBuilt]: cg_call methods: Ptr.deref is not built in this compiler
  compile_fail tests/test_q4etvt_cross_module_instance.bl: internal compiler error[CodegenStageNotBuilt]: cg_call closure values and compiler-provided calls is not built in this compiler
  compile_fail tests/test_q83t67_list_set_inner_carrier.bl: internal compiler error[CodegenStageNotBuilt]: cg_call closure values and compiler-provided calls is not built in this compiler
  compile_fail tests/test_qah9tx_fieldaccess_receiver.bl: internal compiler error[ElementScanNotLowered]: a scan that compares each element has no lowering here
  compile_fail tests/test_qcs4w7_mono_body_for_in.bl: internal compiler error[ElementScanNotLowered]: a scan that compares each element has no lowering here
  compile_fail tests/test_qdsy9n_as_pattern_binder.bl: internal compiler error[NameNotBound]: 'a' is neither a typed binder in scope nor a module global
  compile_fail tests/test_qf1vzx_list_nested_elem_ct_pool_retire.bl: internal compiler error[CheckedElementReadNotLowered]: an element read answering Option has no lowering here
  compile_fail tests/test_qf1vzx_map_key_struct_reemit_tid.bl: internal compiler error[CodegenStageNotBuilt]: cg_call closure values and compiler-provided calls is not built in this compiler
  compile_fail tests/test_qf1vzx_mono_struct_carrier_inner_tid.bl: internal compiler error[CodegenStageNotBuilt]: cg_call closure values and compiler-provided calls is not built in this compiler
  compile_fail tests/test_qf1vzx_option_var_inner_tp_tid.bl: internal compiler error[CodegenStageNotBuilt]: cg_call closure values and compiler-provided calls is not built in this compiler
  compile_fail tests/test_qjfwc6_ns_intrinsic_signatures.bl: internal compiler error[ElementScanNotLowered]: a scan that compares each element has no lowering here
  compile_fail tests/test_qm01e7_generic_tuple_map_return.bl: internal compiler error[CodegenStageNotBuilt]: cg_call closure values and compiler-provided calls is not built in this compiler
  run_fail tests/test_qm_in_test_with_block_handler_cleanup.bl: test ? inside with-block runs BlockHandler.exit(false) before failing the test ... FAIL
  compile_fail tests/test_qnpb2d_tid_outranks_target.bl: internal compiler error[ElementScanNotLowered]: a scan that compares each element has no lowering here
  compile_fail tests/test_qqspkh_impl_sealed_builtin_type.bl: internal compiler error[ElementScanNotLowered]: a scan that compares each element has no lowering here
  run_fail tests/test_qualified_cross_module_monomorphic_tuple_element.bl:   assertion failed: assert(r.exit_code == 0)
  compile_fail tests/test_qualified_poly_impl_list_dispatch.bl: internal compiler error[ElementScanNotLowered]: a scan that compares each element has no lowering here
  compile_fail tests/test_qualified_struct_style_variant_generic_enum_mono.bl: internal compiler error[StructLiteralFieldMissing]: the literal gives no value for field 'First' and the field has no default
  compile_fail tests/test_qualified_trait_call_on_bounded_tparam.bl: internal compiler error[ElementScanNotLowered]: a scan that compares each element has no lowering here
  compile_fail tests/test_qualified_trait_call_self_return_typevar.bl: internal compiler error[CodegenStageNotBuilt]: cg_call closure values and compiler-provided calls is not built in this compiler
  compile_fail tests/test_qualified_variant_named_field_miss.bl: internal compiler error[ElementScanNotLowered]: a scan that compares each element has no lowering here
  compile_fail tests/test_qualified_variant_shadow_8v0cpr.bl: internal compiler error[ElementScanNotLowered]: a scan that compares each element has no lowering here
  compile_fail tests/test_question_different_ok.bl: internal compiler error[AssertCompareAggregateNotBuilt]: assert_eq over a struct, an enum, a Result or an Option has no lowering yet
  compile_fail tests/test_question_mark_errors.bl: internal compiler error[ElementScanNotLowered]: a scan that compares each element has no lowering here
  run_fail tests/test_question_mark_in_test_display_rendered.bl:   assertion failed: assert(output.contains("MyErr(code=7)"))
  compile_fail tests/test_question_ops.bl: internal compiler error[AssertCompareAggregateNotBuilt]: assert_eq over a struct, an enum, a Result or an Option has no lowering yet
  compile_fail tests/test_question_option.bl: internal compiler error[AssertCompareAggregateNotBuilt]: assert_eq over a struct, an enum, a Result or an Option has no lowering yet
  compile_fail tests/test_qv80j2_generic_fn_option_enum_return.bl: internal compiler error[NameNotBound]: 'Quit' is neither a typed binder in scope nor a module global
  compile_fail tests/test_qw7v90_struct_instance_arg_type.bl: internal compiler error[CodegenStageNotBuilt]: cg_call closure values and compiler-provided calls is not built in this compiler
  compile_fail tests/test_qw7v90_struct_instance_mistype_rejected.bl: internal compiler error[ElementScanNotLowered]: a scan that compares each element has no lowering here
  compile_fail tests/test_qy9ssr_generic_option_carrier.bl: internal compiler error[CodegenStageNotBuilt]: cg_call closure values and compiler-provided calls is not built in this compiler
  compile_fail tests/test_r1c1kv_closure_fold_param_tid.bl: internal compiler error[SharedMutableCaptureNotLowered]: closure captures 'total', which the enclosing function can assign, and a shared mutable binding has no cell yet
  compile_fail tests/test_r1s7g2_map_collect_elem.bl: internal compiler error[ElementScanNotLowered]: a scan that compares each element has no lowering here
  compile_fail tests/test_r4tq8n_user_type_carrier_prefix.bl: internal compiler error[ElementScanNotLowered]: a scan that compares each element has no lowering here
  compile_fail tests/test_r9bbmk_option_tuple_let_and_field.bl: error: C compilation failed
  compile_fail tests/test_r9krgr_intermediate_let_tail_ret.bl: internal compiler error[ElementScanNotLowered]: a scan that compares each element has no lowering here
  compile_fail tests/test_rb5wvb_instant_intrinsic_signatures.bl: internal compiler error[ElementScanNotLowered]: a scan that compares each element has no lowering here
  compile_fail tests/test_rbd0a4_str_num_intrinsic_ret_tid.bl: internal compiler error[ElementScanNotLowered]: a scan that compares each element has no lowering here
  compile_fail tests/test_rcedft_nested_result_option.bl: error: C compilation failed
  compile_fail tests/test_recursive_enum_self_ref.bl: error: C compilation failed
  compile_fail tests/test_reset_staleness.bl: internal compiler error[CodegenStageNotBuilt]: cg_call closure values and compiler-provided calls is not built in this compiler
  compile_fail tests/test_resolver.bl: internal compiler error[CodegenStageNotBuilt]: cg_call closure values and compiler-provided calls is not built in this compiler
  compile_fail tests/test_resqj9_with_field_operand.bl: internal compiler error[ElementScanNotLowered]: a scan that compares each element has no lowering here
  compile_fail tests/test_result_enum_option_bugs.bl: error: C compilation failed
  compile_fail tests/test_result_state_leak.bl: internal compiler error[PanicPayloadHasNoDisplay]: a Enum value a panic names has no Display impl, and this stage will not name it by its type instead
  compile_fail tests/test_result_struct_err_boxed.bl: internal compiler error[ElementScanNotLowered]: a scan that compares each element has no lowering here
  compile_fail tests/test_result_struct_field_tuple_ok_scalar_err.bl: internal compiler error[ElementScanNotLowered]: a scan that compares each element has no lowering here
  compile_fail tests/test_result_transparent_newtype_ok_unwrap.bl: error: C compilation failed
  compile_fail tests/test_result_unwrap_struct_err_panic_message.bl: internal compiler error[UnhandledExprKind]: expression kind AssertPanics has no lowering
  compile_fail tests/test_result_void_inference.bl: internal compiler error[ElementScanNotLowered]: a scan that compares each element has no lowering here
  compile_fail tests/test_ret_only_tparam_builtin_container_pin.bl: internal compiler error[ElementScanNotLowered]: a scan that compares each element has no lowering here
  compile_fail tests/test_return_only_tparam_pin_through_carrier_and_variant_payload.bl: internal compiler error[ElementScanNotLowered]: a scan that compares each element has no lowering here
  compile_fail tests/test_return_only_tparam_pin_through_if_arm_tail.bl: internal compiler error[ElementScanNotLowered]: a scan that compares each element has no lowering here
  compile_fail tests/test_rh7rhf_handler_option_carrier.bl: internal compiler error[ElementScanNotLowered]: a scan that compares each element has no lowering here
  compile_fail tests/test_rpes5b_map_value_struct_tid.bl: internal compiler error[CodegenStageNotBuilt]: cg_call closure values and compiler-provided calls is not built in this compiler
  compile_fail tests/test_rqcn4g_as_pattern_tuple_binder.bl: internal compiler error[ElementScanNotLowered]: a scan that compares each element has no lowering here
  compile_fail tests/test_rs3aph_opaque_audit_category.bl: internal compiler error[ElementScanNotLowered]: a scan that compares each element has no lowering here
  compile_fail tests/test_rzq7t8_transparent_newtype_option_ue.bl: internal compiler error[ElementScanNotLowered]: a scan that compares each element has no lowering here
  compile_fail tests/test_s58gjs_list_append.bl: internal compiler error[AllocationSizeNotInIr]: 'scope.alloc_n' must say how many bytes its pointee takes, and no IR node carries a size
  compile_fail tests/test_saf1hh_nested_handler_inherited_capture.bl: internal compiler error[UnhandledExprKind]: expression kind HandlerExpr has no lowering
  compile_fail tests/test_sb3125_ambiguous_method.bl: internal compiler error[ElementScanNotLowered]: a scan that compares each element has no lowering here
  compile_fail tests/test_schfpd_with_qmark_binding.bl: internal compiler error[CodegenStageNotBuilt]: a Closeable resource's cleanup is not built in this compiler
  compile_fail tests/test_scope_alloc_explicit_type_arg_spelling.bl: internal compiler error[ElementScanNotLowered]: a scan that compares each element has no lowering here
  compile_fail tests/test_scoped_budget.bl: internal compiler error[CodegenStageNotBuilt]: the effect vtable field a handler install writes is not built in this compiler
  compile_fail tests/test_seal_builtin_traits.bl: internal compiler error[ElementScanNotLowered]: a scan that compares each element has no lowering here
  run_fail tests/test_self_host.bl: test blinkc compiles src/cli.bl without panicking ... FAIL
  compile_fail tests/test_self_op_unlicensed_in_default_body.bl: error: C compilation failed
  compile_fail tests/test_self_recursive_generic_struct_via_option.bl: internal compiler error[ElementScanNotLowered]: a scan that compares each element has no lowering here
  compile_fail tests/test_semver.bl: error: C compilation failed
  compile_fail tests/test_set.bl: internal compiler error[CodegenStageNotBuilt]: cg_call closure values and compiler-provided calls is not built in this compiler
  compile_fail tests/test_set_alias_key_struct_field.bl: internal compiler error[CodegenStageNotBuilt]: cg_call closure values and compiler-provided calls is not built in this compiler
  compile_fail tests/test_set_but_not_read.bl: internal compiler error[SharedMutableCaptureNotLowered]: closure captures 'n', which the enclosing function can assign, and a shared mutable binding has no cell yet
  compile_fail tests/test_set_char_keys.bl: internal compiler error[CodegenStageNotBuilt]: cg_call closure values and compiler-provided calls is not built in this compiler
  compile_fail tests/test_set_int_keys.bl: internal compiler error[CodegenStageNotBuilt]: cg_call closure values and compiler-provided calls is not built in this compiler
  compile_fail tests/test_set_key_boxing_inside_monomorphized_fn_body.bl: internal compiler error[ElementScanNotLowered]: a scan that compares each element has no lowering here
  compile_fail tests/test_set_param.bl: internal compiler error[CodegenStageNotBuilt]: cg_call closure values and compiler-provided calls is not built in this compiler
  compile_fail tests/test_set_struct_element_into_iter_erased_iterator_type.bl: internal compiler error[ElementScanNotLowered]: a scan that compares each element has no lowering here
  compile_fail tests/test_set_struct_tuple_keys.bl: internal compiler error[CodegenStageNotBuilt]: cg_call closure values and compiler-provided calls is not built in this compiler
  run_fail tests/test_short_circuit_paren_warning.bl:   assertion failed: assert(c.contains("if (_ounw_0.value == idx) \{"))
  compile_fail tests/test_sized_int_basic.bl: internal compiler error[CodegenStageNotBuilt]: cg_call methods: U8.wrapping_mul is not built in this compiler
  compile_fail tests/test_sized_int_overflow.bl: internal compiler error[CodegenStageNotBuilt]: cg_call methods: U8.wrapping_add is not built in this compiler
  compile_fail tests/test_skdxkv_implicit_tail_ret_compare.bl: internal compiler error[ElementScanNotLowered]: a scan that compares each element has no lowering here
  run_fail tests/test_skip_basic.bl: test skip() produces status=skipped with reason in --test-json output ... FAIL
  compile_fail tests/test_skip_nested_with_lifo.bl: internal compiler error[CodegenStageNotBuilt]: a BlockHandler resource's cleanup is not built in this compiler
  compile_fail tests/test_skip_outside_test_compile_error.bl: internal compiler error[ElementScanNotLowered]: a scan that compares each element has no lowering here
  compile_fail tests/test_skip_with_block_handler_cleanup.bl: internal compiler error[CodegenStageNotBuilt]: a BlockHandler resource's cleanup is not built in this compiler
  compile_fail tests/test_spawn_captured_var_inner.bl: internal compiler error[CodegenStageNotBuilt]: cg_call intrinsic 'async.spawn' is not built in this compiler
  compile_fail tests/test_spread_list.bl: internal compiler error[SpreadCopyNotLowered]: a spread into a List has no lowering
  compile_fail tests/test_sqbb99_local_generic_struct_ret_map_value.bl: internal compiler error[CodegenStageNotBuilt]: cg_call closure values and compiler-provided calls is not built in this compiler
  compile_fail tests/test_sqlite.bl: internal compiler error[CodegenStageNotBuilt]: cg_call methods: Template.parts is not built in this compiler
  compile_fail tests/test_sskpk8_declared_let_unified_into_initializer.bl: internal compiler error[CodegenStageNotBuilt]: cg_call closure values and compiler-provided calls is not built in this compiler
  compile_fail tests/test_stamp_standdown_is_subtree_scoped.bl: internal compiler error[CodegenStageNotBuilt]: cg_call closure values and compiler-provided calls is not built in this compiler
  compile_fail tests/test_static_ctor_intrinsic_shadowed_by_local.bl: internal compiler error[ElementScanNotLowered]: a scan that compares each element has no lowering here
  compile_fail tests/test_std_process.bl: error: C compilation failed
  compile_fail tests/test_std_testing.bl: internal compiler error[ElementScanNotLowered]: a scan that compares each element has no lowering here
  compile_fail tests/test_stdlib_close_to_contract.bl: internal compiler error[ElementScanNotLowered]: a scan that compares each element has no lowering here
  compile_fail tests/test_str_backed_enum.bl: internal compiler error[CodegenStageNotBuilt]: cg_derive for @derive(Serialize) is not built in this compiler
  compile_fail tests/test_string_iter.bl: internal compiler error[UnhandledIterable]: for-in over this iterable has no lowering yet
  compile_fail tests/test_stringbuilder.bl: internal compiler error[CodegenStageNotBuilt]: cg_call methods: StringBuilder.write_char is not built in this compiler
  compile_fail tests/test_struct_control_flow.bl: error: C compilation failed
  compile_fail tests/test_struct_element_list_hofs_keep_element_type.bl: internal compiler error[CodegenStageNotBuilt]: cg_call methods: List.take is not built in this compiler
  compile_fail tests/test_struct_enum_variant_match.bl: internal compiler error[StructLiteralFieldMissing]: the literal gives no value for field 'ConnectionError' and the field has no default
  compile_fail tests/test_struct_global_field_read.bl: error: C compilation failed
  compile_fail tests/test_struct_option_field.bl: internal compiler error[StructLiteralFieldMissing]: the literal gives no value for field 'Login' and the field has no default
  compile_fail tests/test_struct_result.bl: error: C compilation failed
  compile_fail tests/test_struct_return_match_explicit_return_every_arm.bl: error: C compilation failed
  compile_fail tests/test_struct_style_variant_pattern_generic_enum_payload_type.bl: internal compiler error[StructLiteralFieldMissing]: the literal gives no value for field 'First' and the field has no default
  compile_fail tests/test_struct_variant_void_field_binder.bl: internal compiler error[ElementScanNotLowered]: a scan that compares each element has no lowering here
  compile_fail tests/test_syas8d_bare_generic_struct_field.bl: error: C compilation failed
  compile_fail tests/test_t1apwa_variant_shadows_builtin_ctor.bl: internal compiler error[CodegenStageNotBuilt]: cg_call closure values and compiler-provided calls is not built in this compiler
  compile_fail tests/test_t2h5qe_closure_param_list_elem.bl: internal compiler error[CodegenStageNotBuilt]: cg_call closure values and compiler-provided calls is not built in this compiler
  compile_fail tests/test_t4w9fp_ensures_return_temp_scalar_tid.bl: internal compiler error[ElementScanNotLowered]: a scan that compares each element has no lowering here
  compile_fail tests/test_t5nvd4_option_compound_let_annotation.bl: internal compiler error[CodegenStageNotBuilt]: cg_call closure values and compiler-provided calls is not built in this compiler
  compile_fail tests/test_t67cda_carrier_over_generic_instance.bl: internal compiler error[UnspellableCallType]: call result has no C layout: un-monomorphised generic TE
  compile_fail tests/test_t7xf9y_handler_from_container.bl: internal compiler error[ElementScanNotLowered]: a scan that compares each element has no lowering here
  compile_fail tests/test_t8xr2m_list_pattern_elem_unbox.bl: internal compiler error[ElementScanNotLowered]: a scan that compares each element has no lowering here
  compile_fail tests/test_ta51an_qualified_trait_call_type.bl: internal compiler error[ElementScanNotLowered]: a scan that compares each element has no lowering here
  compile_fail tests/test_tavvwj_list_option_reader_inner.bl: internal compiler error[CheckedElementReadNotLowered]: an element read answering Option has no lowering here
  compile_fail tests/test_tc_unify_fail_closed.bl: internal compiler error[CodegenStageNotBuilt]: cg_call closure values and compiler-provided calls is not built in this compiler
  compile_fail tests/test_tcp_socket.bl: internal compiler error[CodegenStageNotBuilt]: cg_call closure values and compiler-provided calls is not built in this compiler
  compile_fail tests/test_tcpd75_closure_hint_param_tid.bl: internal compiler error[ElementScanNotLowered]: a scan that compares each element has no lowering here
  compile_fail tests/test_td9n5k_assign_map_struct_value.bl: internal compiler error[CodegenStageNotBuilt]: cg_call closure values and compiler-provided calls is not built in this compiler
  run_fail tests/test_template.bl:   assertion failed: assert(out.contains("raw_template: ok"))
  compile_fail tests/test_template_introspection.bl: internal compiler error[CodegenStageNotBuilt]: cg_call methods: Template.parts is not built in this compiler
  compile_fail tests/test_test_only_symbol_fence.bl: internal compiler error[ElementScanNotLowered]: a scan that compares each element has no lowering here
  compile_fail tests/test_tid_tuple_arg_bind.bl: error: C compilation failed
  compile_fail tests/test_time.bl: internal compiler error[CodegenStageNotBuilt]: cg_call methods: Struct.to_nanos is not built in this compiler
  compile_fail tests/test_tk8s0y_instance_ctype_from_tid.bl: error: C compilation failed
  compile_fail tests/test_tm1vbv_sized_int_local_through_temp.bl: internal compiler error[AllocationSizeNotInIr]: 'scope.alloc_n' must say how many bytes its pointee takes, and no IR node carries a size
  compile_fail tests/test_tn8fdd_serialize_field.bl: internal compiler error[ElementScanNotLowered]: a scan that compares each element has no lowering here
  compile_fail tests/test_toml.bl: error: C compilation failed
  compile_fail tests/test_toplevel_fn_generic_enum_instance_return.bl: internal compiler error[ElementScanNotLowered]: a scan that compares each element has no lowering here
  compile_fail tests/test_toplevel_let_node_stamped_tid.bl: internal compiler error[CodegenStageNotBuilt]: cg_call closure values and compiler-provided calls is not built in this compiler
  compile_fail tests/test_toplevel_let_set_infers_from_later_insert.bl: internal compiler error[ElementScanNotLowered]: a scan that compares each element has no lowering here
  compile_fail tests/test_toplevel_under_determined.bl: internal compiler error[ElementScanNotLowered]: a scan that compares each element has no lowering here
  compile_fail tests/test_total_stamp_typecheck_holes.bl: internal compiler error[CodegenStageNotBuilt]: cg_call closure values and compiler-provided calls is not built in this compiler
  compile_fail tests/test_trace_effect.bl: internal compiler error[CodegenStageNotBuilt]: cg_call intrinsic 'fs.errno' is not built in this compiler
  compile_fail tests/test_trace_state.bl: internal compiler error[PrintValueNotText]: the io slot takes text, and a Int value has no rendering this stage can call
  compile_fail tests/test_trait_contract.bl: internal compiler error[ElementScanNotLowered]: a scan that compares each element has no lowering here
  compile_fail tests/test_trait_contract_deep_tid_compare.bl: internal compiler error[ElementScanNotLowered]: a scan that compares each element has no lowering here
  compile_fail tests/test_trait_enum_field.bl: error: C compilation failed
  compile_fail tests/test_trait_method_own_type_param_monomorphizes.bl: internal compiler error[ElementScanNotLowered]: a scan that compares each element has no lowering here
  compile_fail tests/test_trait_qualified.bl: internal compiler error[CodegenStageNotBuilt]: cg_call trait-qualified call 'StrOps.len' over Str is not built in this compiler
  compile_fail tests/test_trait_signatures.bl: internal compiler error[CodegenStageNotBuilt]: cg_call closure values and compiler-provided calls is not built in this compiler
  compile_fail tests/test_trait_void_return_is_a_contract.bl: internal compiler error[ElementScanNotLowered]: a scan that compares each element has no lowering here
  compile_fail tests/test_transitive_mut_capture_nested_closure.bl: internal compiler error[ElementScanNotLowered]: a scan that compares each element has no lowering here
  compile_fail tests/test_transparent_newtype_nested_enum_field.bl: internal compiler error[ElementScanNotLowered]: a scan that compares each element has no lowering here
  compile_fail tests/test_try_binder_struct_in_list_literal.bl: error: C compilation failed
  compile_fail tests/test_tuple.bl: internal compiler error[CodegenStageNotBuilt]: a nested pattern inside a variant payload is not built in this compiler
  compile_fail tests/test_tuple_bare_none.bl: internal compiler error[ValuePositionExprMovesWork]: IfExpr in value position stands after work its arms would run before
  compile_fail tests/test_tuple_branch_merge_pins_carrier.bl: error: C compilation failed
  compile_fail tests/test_tuple_destr_q_propagate.bl: internal compiler error[AssertCompareAggregateNotBuilt]: assert_eq over a struct, an enum, a Result or an Option has no lowering yet
  compile_fail tests/test_tuple_destructure.bl: internal compiler error[ForInTupleBinderNotLowered]: this for-in destructures the element into more than one name, and no stage binds a destructured element yet
  compile_fail tests/test_tuple_elem_tag_underscore_collision.bl: internal compiler error[ElementScanNotLowered]: a scan that compares each element has no lowering here
  compile_fail tests/test_tuple_element_compound_carrier_inner_binder_type.bl: error: C compilation failed
  compile_fail tests/test_tuple_keyed_container_named_only_by_param.bl: internal compiler error[ElementScanNotLowered]: a scan that compares each element has no lowering here
  compile_fail tests/test_tuple_leaf_option_of_compound_carrier_typedef.bl: error: C compilation failed
  compile_fail tests/test_tuple_nested_compound.bl: error: C compilation failed
  compile_fail tests/test_tuple_option_user_enum.bl: error: C compilation failed
  compile_fail tests/test_tuple_option_user_struct.bl: error: C compilation failed
  compile_fail tests/test_tuple_result_destructure.bl: error: C compilation failed
  compile_fail tests/test_tuple_subpattern_in_list_pattern.bl: internal compiler error[ElementScanNotLowered]: a scan that compares each element has no lowering here
  compile_fail tests/test_tuple_type_arg_field_keeps_its_typedef.bl: internal compiler error[StructLiteralFieldMissing]: the literal gives no value for field 'TSome' and the field has no default
  compile_fail tests/test_twq9kz_list_compound_elem_rebind.bl: internal compiler error[CodegenStageNotBuilt]: cg_call closure values and compiler-provided calls is not built in this compiler
  compile_fail tests/test_tydqe6_generic_enum_instance_mono.bl: internal compiler error[ElementScanNotLowered]: a scan that compares each element has no lowering here
  compile_fail tests/test_type_alias_to_compound_container.bl: internal compiler error[CodegenStageNotBuilt]: cg_call closure values and compiler-provided calls is not built in this compiler
  compile_fail tests/test_type_errors.bl: internal compiler error[ElementScanNotLowered]: a scan that compares each element has no lowering here
  compile_fail tests/test_type_merge_fail_closed.bl: internal compiler error[CodegenStageNotBuilt]: cg_call closure values and compiler-provided calls is not built in this compiler
  compile_fail tests/test_type_pool.bl: internal compiler error[CodegenStageNotBuilt]: cg_call closure values and compiler-provided calls is not built in this compiler
  compile_fail tests/test_typecheck.bl: error: C compilation failed
  compile_fail tests/test_typecheck_allow_suppresses_scope_exit_warnings.bl: internal compiler error[CodegenStageNotBuilt]: cg_call closure values and compiler-provided calls is not built in this compiler
  compile_fail tests/test_typecheck_ambiguous_static_trait_call.bl: internal compiler error[CodegenStageNotBuilt]: cg_call closure values and compiler-provided calls is not built in this compiler
  compile_fail tests/test_typecheck_assignment_target_seeds_alloc_pointee.bl: internal compiler error[CodegenStageNotBuilt]: cg_call closure values and compiler-provided calls is not built in this compiler
  compile_fail tests/test_typecheck_bare_use_needs_the_file_own_import.bl: internal compiler error[CodegenStageNotBuilt]: cg_call closure values and compiler-provided calls is not built in this compiler
  compile_fail tests/test_typecheck_builtin_method_arity.bl: internal compiler error[CodegenStageNotBuilt]: cg_call closure values and compiler-provided calls is not built in this compiler
  compile_fail tests/test_typecheck_call_records_resolved_declaration.bl: internal compiler error[CodegenStageNotBuilt]: cg_call closure values and compiler-provided calls is not built in this compiler
  compile_fail tests/test_typecheck_call_resolution_records_the_declaration.bl: internal compiler error[CodegenStageNotBuilt]: cg_call closure values and compiler-provided calls is not built in this compiler
  compile_fail tests/test_typecheck_call_site_type_args_rejected.bl: internal compiler error[CodegenStageNotBuilt]: cg_call closure values and compiler-provided calls is not built in this compiler
  compile_fail tests/test_typecheck_char_is_a_named_type.bl: internal compiler error[CodegenStageNotBuilt]: cg_call closure values and compiler-provided calls is not built in this compiler
  compile_fail tests/test_typecheck_closure_expectation_reaches_nested_value_positions.bl: internal compiler error[CodegenStageNotBuilt]: cg_call closure values and compiler-provided calls is not built in this compiler
  compile_fail tests/test_typecheck_closure_param_annotation_must_match_declared_fn_type.bl: internal compiler error[CodegenStageNotBuilt]: cg_call closure values and compiler-provided calls is not built in this compiler
  compile_fail tests/test_typecheck_closure_param_bound_by_a_later_argument.bl: internal compiler error[CodegenStageNotBuilt]: cg_call closure values and compiler-provided calls is not built in this compiler
  compile_fail tests/test_typecheck_closure_params_under_a_generic_expected_type.bl: internal compiler error[CodegenStageNotBuilt]: cg_call closure values and compiler-provided calls is not built in this compiler
  compile_fail tests/test_typecheck_coalesce_on_non_option_names_its_own_rule.bl: internal compiler error[CodegenStageNotBuilt]: cg_call closure values and compiler-provided calls is not built in this compiler
  compile_fail tests/test_typecheck_const_declaration_requires_a_const_expression.bl: internal compiler error[CodegenStageNotBuilt]: cg_call closure values and compiler-provided calls is not built in this compiler
  compile_fail tests/test_typecheck_declared_fn_type_reaches_a_closure_in_a_match_arm.bl: internal compiler error[CodegenStageNotBuilt]: cg_call closure values and compiler-provided calls is not built in this compiler
  compile_fail tests/test_typecheck_derive_hash_implies_eq.bl: internal compiler error[CodegenStageNotBuilt]: cg_call closure values and compiler-provided calls is not built in this compiler
  compile_fail tests/test_typecheck_derive_measures_the_resolved_field_type.bl: internal compiler error[CodegenStageNotBuilt]: cg_call closure values and compiler-provided calls is not built in this compiler
  compile_fail tests/test_typecheck_effect_op_signature_tids.bl: internal compiler error[CodegenStageNotBuilt]: cg_call closure values and compiler-provided calls is not built in this compiler
  compile_fail tests/test_typecheck_every_pattern_node_carries_the_value_it_matches.bl: internal compiler error[CodegenStageNotBuilt]: cg_call closure values and compiler-provided calls is not built in this compiler
  compile_fail tests/test_typecheck_ffi_opaque_identity_is_the_declaration_not_the_spelling.bl: internal compiler error[CodegenStageNotBuilt]: cg_call closure values and compiler-provided calls is not built in this compiler
  compile_fail tests/test_typecheck_ffi_struct_pointee_is_decided_by_type_not_spelling.bl: internal compiler error[CodegenStageNotBuilt]: cg_call closure values and compiler-provided calls is not built in this compiler
  compile_fail tests/test_typecheck_fn_tail_with_block_keeps_carrier_type.bl: internal compiler error[CodegenStageNotBuilt]: cg_call closure values and compiler-provided calls is not built in this compiler
  compile_fail tests/test_typecheck_foreign_private_decl_does_not_shadow_own_name.bl: internal compiler error[CodegenStageNotBuilt]: cg_call closure values and compiler-provided calls is not built in this compiler
  compile_fail tests/test_typecheck_generic_enum_instance_renders_its_args.bl: internal compiler error[CodegenStageNotBuilt]: cg_call closure values and compiler-provided calls is not built in this compiler
  compile_fail tests/test_typecheck_generic_field_empty_container_pins_type_parameter.bl: internal compiler error[CodegenStageNotBuilt]: cg_call closure values and compiler-provided calls is not built in this compiler
  compile_fail tests/test_typecheck_generic_struct_pattern_binder_is_substituted.bl: internal compiler error[CodegenStageNotBuilt]: cg_call closure values and compiler-provided calls is not built in this compiler
  compile_fail tests/test_typecheck_if_branch_compare_waits_for_scopes.bl: internal compiler error[CodegenStageNotBuilt]: cg_call closure values and compiler-provided calls is not built in this compiler
  compile_fail tests/test_typecheck_impl_on_builtin_records_the_impl_method.bl: internal compiler error[CodegenStageNotBuilt]: cg_call closure values and compiler-provided calls is not built in this compiler
  compile_fail tests/test_typecheck_impl_receiver_tid.bl: internal compiler error[CodegenStageNotBuilt]: cg_call closure values and compiler-provided calls is not built in this compiler
  compile_fail tests/test_typecheck_impl_self_return_tid.bl: internal compiler error[CodegenStageNotBuilt]: cg_call closure values and compiler-provided calls is not built in this compiler
  compile_fail tests/test_typecheck_import_rename_binds_a_type_under_its_alias.bl: internal compiler error[CodegenStageNotBuilt]: cg_call closure values and compiler-provided calls is not built in this compiler
  compile_fail tests/test_typecheck_index_expr_stamps_operands.bl: internal compiler error[CodegenStageNotBuilt]: cg_call closure values and compiler-provided calls is not built in this compiler
  compile_fail tests/test_typecheck_int_scrutinee_rejects_enum_variant_pattern.bl: internal compiler error[CodegenStageNotBuilt]: cg_call closure values and compiler-provided calls is not built in this compiler
  compile_fail tests/test_typecheck_keyword_label_erased_at_call_through_value.bl: internal compiler error[CodegenStageNotBuilt]: cg_call closure values and compiler-provided calls is not built in this compiler
  compile_fail tests/test_typecheck_keyword_parameter_defaults.bl: internal compiler error[CodegenStageNotBuilt]: cg_call closure values and compiler-provided calls is not built in this compiler
  compile_fail tests/test_typecheck_local_binding_shadows_unselected_module_member.bl: internal compiler error[CodegenStageNotBuilt]: cg_call closure values and compiler-provided calls is not built in this compiler
  compile_fail tests/test_typecheck_map_key_hash_respects_type_parameter_scope.bl: internal compiler error[CodegenStageNotBuilt]: cg_call closure values and compiler-provided calls is not built in this compiler
  compile_fail tests/test_typecheck_map_surface_is_the_spec_mapops.bl: internal compiler error[CodegenStageNotBuilt]: cg_call closure values and compiler-provided calls is not built in this compiler
  compile_fail tests/test_typecheck_module_global_initializer_call_is_resolved.bl: internal compiler error[CodegenStageNotBuilt]: cg_call closure values and compiler-provided calls is not built in this compiler
  compile_fail tests/test_typecheck_module_global_initializer_is_checked.bl: internal compiler error[CodegenStageNotBuilt]: cg_call closure values and compiler-provided calls is not built in this compiler
  compile_fail tests/test_typecheck_names_a_type_is_the_one_type_name_producer.bl: internal compiler error[CodegenStageNotBuilt]: cg_call closure values and compiler-provided calls is not built in this compiler
  compile_fail tests/test_typecheck_namesake_imports_are_resolved_by_declaration.bl: internal compiler error[CodegenStageNotBuilt]: cg_call closure values and compiler-provided calls is not built in this compiler
  compile_fail tests/test_typecheck_namesake_types_stay_distinct.bl: internal compiler error[CodegenStageNotBuilt]: cg_call closure values and compiler-provided calls is not built in this compiler
  compile_fail tests/test_typecheck_one_sided_carrier_takes_its_other_slot_from_the_expectation.bl: internal compiler error[CodegenStageNotBuilt]: cg_call closure values and compiler-provided calls is not built in this compiler
  compile_fail tests/test_typecheck_own_let_beats_imported_private_let.bl: internal compiler error[CodegenStageNotBuilt]: cg_call closure values and compiler-provided calls is not built in this compiler
  compile_fail tests/test_typecheck_ptr_pointee_must_be_ffi_compatible.bl: internal compiler error[CodegenStageNotBuilt]: cg_call closure values and compiler-provided calls is not built in this compiler
  compile_fail tests/test_typecheck_qualified_private_access_is_module_aware.bl: internal compiler error[CodegenStageNotBuilt]: cg_call closure values and compiler-provided calls is not built in this compiler
  compile_fail tests/test_typecheck_qualified_trait_call_needs_the_bound.bl: internal compiler error[CodegenStageNotBuilt]: cg_call closure values and compiler-provided calls is not built in this compiler
  compile_fail tests/test_typecheck_rejects_duplicate_effect_operations.bl: internal compiler error[CodegenStageNotBuilt]: cg_call closure values and compiler-provided calls is not built in this compiler
  compile_fail tests/test_typecheck_rejects_overlapping_impls.bl: internal compiler error[CodegenStageNotBuilt]: cg_call closure values and compiler-provided calls is not built in this compiler
  compile_fail tests/test_typecheck_reports_call_shape_rules_the_back_end_used_to_own.bl: internal compiler error[CodegenStageNotBuilt]: cg_call closure values and compiler-provided calls is not built in this compiler
  compile_fail tests/test_typecheck_runtime_backed_type_carries_a_declaration.bl: internal compiler error[CodegenStageNotBuilt]: cg_call closure values and compiler-provided calls is not built in this compiler
  compile_fail tests/test_typecheck_sealed_ops_trait_qualified_call_is_typed.bl: internal compiler error[CodegenStageNotBuilt]: cg_call closure values and compiler-provided calls is not built in this compiler
  compile_fail tests/test_typecheck_settles_every_module_global_type.bl: internal compiler error[CodegenStageNotBuilt]: cg_call closure values and compiler-provided calls is not built in this compiler
  compile_fail tests/test_typecheck_shadowing_block_tail_types_the_block.bl: internal compiler error[CodegenStageNotBuilt]: cg_call closure values and compiler-provided calls is not built in this compiler
  compile_fail tests/test_typecheck_shadowing_local_in_a_name_position_is_a_value.bl: internal compiler error[CodegenStageNotBuilt]: cg_call closure values and compiler-provided calls is not built in this compiler
  compile_fail tests/test_typecheck_stamp_pass_descends_once.bl: internal compiler error[CodegenStageNotBuilt]: cg_call closure values and compiler-provided calls is not built in this compiler
  compile_fail tests/test_typecheck_static_call_receiver_of_unwrap_is_stamped.bl: internal compiler error[CodegenStageNotBuilt]: cg_call closure values and compiler-provided calls is not built in this compiler
  compile_fail tests/test_typecheck_static_call_through_trait_impl_names_the_type.bl: internal compiler error[CodegenStageNotBuilt]: cg_call closure values and compiler-provided calls is not built in this compiler
  compile_fail tests/test_typecheck_struct_fields_read_from_sfield_pool.bl: internal compiler error[CodegenStageNotBuilt]: cg_call closure values and compiler-provided calls is not built in this compiler
  compile_fail tests/test_typecheck_tparam_shadows_same_named_type.bl: internal compiler error[CodegenStageNotBuilt]: cg_call closure values and compiler-provided calls is not built in this compiler
  compile_fail tests/test_typecheck_trait_contract_same_spelling.bl: internal compiler error[CodegenStageNotBuilt]: cg_call closure values and compiler-provided calls is not built in this compiler
  compile_fail tests/test_typecheck_trait_signature_unknown_type.bl: internal compiler error[CodegenStageNotBuilt]: cg_call closure values and compiler-provided calls is not built in this compiler
  compile_fail tests/test_typecheck_trusted_audit_suppresses_raw_bypass_warning.bl: internal compiler error[CodegenStageNotBuilt]: cg_call closure values and compiler-provided calls is not built in this compiler
  compile_fail tests/test_typecheck_trusted_requires_audit.bl: internal compiler error[CodegenStageNotBuilt]: cg_call closure values and compiler-provided calls is not built in this compiler
  compile_fail tests/test_typecheck_unclaimed_call_carries_error_tid.bl: internal compiler error[CodegenStageNotBuilt]: cg_call closure values and compiler-provided calls is not built in this compiler
  compile_fail tests/test_typecheck_unknown_derive_name_rejected.bl: internal compiler error[CodegenStageNotBuilt]: cg_call closure values and compiler-provided calls is not built in this compiler
  compile_fail tests/test_ue_complex_returns.bl: internal compiler error[CodegenStageNotBuilt]: the effect vtable field a handler install writes is not built in this compiler
  compile_fail tests/test_ue_handler_inbody_erased_consumers.bl: internal compiler error[ElementScanNotLowered]: a scan that compares each element has no lowering here
  compile_fail tests/test_ue_handler_mixed_option_inner.bl: internal compiler error[ElementScanNotLowered]: a scan that compares each element has no lowering here
  compile_fail tests/test_ue_option_struct.bl: internal compiler error[PerformAnswerErasedInSlot]: 'store.find' answers blink_Option_ptr from its slot where the call holds blink_Option_Item
  compile_fail tests/test_ue_result_option_struct.bl: internal compiler error[PanicPayloadHasNoDisplay]: a Enum value a panic names has no Display impl, and this stage will not name it by its type instead
  compile_fail tests/test_unannotated_closure_param_from_fn_typed_arg.bl: internal compiler error[SharedMutableCaptureNotLowered]: closure captures 'out', which the enclosing function can assign, and a shared mutable binding has no cell yet
  compile_fail tests/test_unannotated_empty_list_push_map_struct_rebind.bl: internal compiler error[CodegenStageNotBuilt]: cg_call closure values and compiler-provided calls is not built in this compiler
  compile_fail tests/test_unannotated_hof_closure_in_if_branch_argument.bl: internal compiler error[ElementScanNotLowered]: a scan that compares each element has no lowering here
  compile_fail tests/test_unannotated_let_list_generic_enum_return.bl: error: C compilation failed
  compile_fail tests/test_unimported_freefn_rejected.bl: internal compiler error[ElementScanNotLowered]: a scan that compares each element has no lowering here
  compile_fail tests/test_uninferable_expression_diagnosed.bl: internal compiler error[ElementScanNotLowered]: a scan that compares each element has no lowering here
  compile_fail tests/test_unknown_type_in_field_annotation_errors.bl: internal compiler error[ElementScanNotLowered]: a scan that compares each element has no lowering here
  compile_fail tests/test_unparse_expression_source_text.bl: internal compiler error[CodegenStageNotBuilt]: cg_call closure values and compiler-provided calls is not built in this compiler
  compile_fail tests/test_unresolved_method_known_receiver.bl: internal compiler error[ElementScanNotLowered]: a scan that compares each element has no lowering here
  compile_fail tests/test_unresolved_method_typecheck.bl: internal compiler error[ElementScanNotLowered]: a scan that compares each element has no lowering here
  compile_fail tests/test_untyped_closure_tail_value_discarded.bl: internal compiler error[ElementScanNotLowered]: a scan that compares each element has no lowering here
  compile_fail tests/test_unused_import_prelude.bl: internal compiler error[ElementScanNotLowered]: a scan that compares each element has no lowering here
  compile_fail tests/test_user_effect_does_not_break_stdlib_db_template_dispatch.bl: internal compiler error[ElementScanNotLowered]: a scan that compares each element has no lowering here
  compile_fail tests/test_user_effects.bl: internal compiler error[CodegenStageNotBuilt]: the effect vtable field a handler install writes is not built in this compiler
  compile_fail tests/test_user_type_named_k_shadows_map_typaram.bl: internal compiler error[ElementScanNotLowered]: a scan that compares each element has no lowering here
  compile_fail tests/test_v71vxv_tuple_binder_element_kinds.bl: internal compiler error[AllocationSizeNotInIr]: 'scope.alloc_n' must say how many bytes its pointee takes, and no IR node carries a size
  compile_fail tests/test_v8kd2r_match_struct_instance_temp.bl: internal compiler error[ElementScanNotLowered]: a scan that compares each element has no lowering here
  compile_fail tests/test_vag3wc_channel_handle_iterator_tids.bl: internal compiler error[CodegenStageNotBuilt]: cg_call closure values and compiler-provided calls is not built in this compiler
  compile_fail tests/test_value_callee_single_arg_call_crash.bl: internal compiler error[ElementScanNotLowered]: a scan that compares each element has no lowering here
  compile_fail tests/test_value_completeness_composes.bl: internal compiler error[ElementScanNotLowered]: a scan that compares each element has no lowering here
  compile_fail tests/test_value_fn_tail_must_produce_value.bl: internal compiler error[ElementScanNotLowered]: a scan that compares each element has no lowering here
  compile_fail tests/test_var_enum_scope.bl: error: C compilation failed
  compile_fail tests/test_vfgp72_comparison_eq_ord.bl: internal compiler error[OrderingMethodNotLowered]: operator '<' has no ordering method lowering here
  compile_fail tests/test_vhcqnb_nested_option_opaque.bl: internal compiler error[ElementScanNotLowered]: a scan that compares each element has no lowering here
  compile_fail tests/test_vmf1k0_closure_generic_struct_ret.bl: internal compiler error[ElementScanNotLowered]: a scan that compares each element has no lowering here
  compile_fail tests/test_void_inside_option_carrier_field_and_return.bl: internal compiler error[ElementScanNotLowered]: a scan that compares each element has no lowering here
  compile_fail tests/test_vsw0s1_enum_payload_result_slot.bl: internal compiler error[ElementScanNotLowered]: a scan that compares each element has no lowering here
  compile_fail tests/test_vtable_dispatch.bl: internal compiler error[CodegenStageNotBuilt]: the effect vtable field a handler install writes is not built in this compiler
  compile_fail tests/test_vtsrtx_enum_positional_payload_refutable.bl: internal compiler error[ElementScanNotLowered]: a scan that compares each element has no lowering here
  compile_fail tests/test_vy5113_tuple_import_carrier.bl: internal compiler error[NameNotBound]: 'upd' is neither a typed binder in scope nor a module global
  compile_fail tests/test_vyvez3_fs_signed_surface.bl: internal compiler error[CodegenStageNotBuilt]: cg_call intrinsic 'fs.errno' is not built in this compiler
  compile_fail tests/test_w089a0_with_resource_binder_type.bl: internal compiler error[ElementScanNotLowered]: a scan that compares each element has no lowering here
  compile_fail tests/test_w13xgb_ptr_tid_and_intrinsic_ret.bl: internal compiler error[ElementScanNotLowered]: a scan that compares each element has no lowering here
  compile_fail tests/test_w224zg_map_forin_pair_container_element.bl: internal compiler error[CodegenStageNotBuilt]: cg_call closure values and compiler-provided calls is not built in this compiler
  compile_fail tests/test_w2qxdj_module_qualified_tuple_param.bl: internal compiler error[ElementScanNotLowered]: a scan that compares each element has no lowering here
  compile_fail tests/test_w2zdyf_alias_chain_name_resolver.bl: error: C compilation failed
  compile_fail tests/test_w3v2e6_bare_channel_zero_truncation.bl: error: C compilation failed
  compile_fail tests/test_w4c0py_carrier_inner_mono_arg_tids.bl: error: C compilation failed
  compile_fail tests/test_w60yrx_closure_tparam_return_sig.bl: internal compiler error[ElementScanNotLowered]: a scan that compares each element has no lowering here
  compile_fail tests/test_w6nqwx_enum_tuple_payload_field_type.bl: internal compiler error[ElementScanNotLowered]: a scan that compares each element has no lowering here
  compile_fail tests/test_wc7nxy_mono_body_struct_typedef.bl: internal compiler error[ElementScanNotLowered]: a scan that compares each element has no lowering here
  compile_fail tests/test_wcz075_iter_family_carrier_map_inner.bl: internal compiler error[CodegenStageNotBuilt]: cg_call closure values and compiler-provided calls is not built in this compiler
  compile_fail tests/test_where_runtime.bl: internal compiler error[ElementScanNotLowered]: a scan that compares each element has no lowering here
  compile_fail tests/test_whg65a_nested_container_in_compound.bl: internal compiler error[CodegenStageNotBuilt]: cg_call closure values and compiler-provided calls is not built in this compiler
  compile_fail tests/test_wildcard_let_discard.bl: error: C compilation failed
  compile_fail tests/test_with_arena_closure_tail.bl: internal compiler error[ElementScanNotLowered]: a scan that compares each element has no lowering here
  compile_fail tests/test_with_block_carrier_context_binder.bl: internal compiler error[ElementScanNotLowered]: a scan that compares each element has no lowering here
  compile_fail tests/test_with_block_in_value_position.bl: internal compiler error[UnhandledExprKind]: expression kind WithBlock has no lowering
  compile_fail tests/test_with_block_tail_shadowed_outer_binding_keeps_own_type.bl: internal compiler error[ElementScanNotLowered]: a scan that compares each element has no lowering here
  compile_fail tests/test_with_block_value_node_stamped_tid.bl: internal compiler error[CodegenStageNotBuilt]: cg_call closure values and compiler-provided calls is not built in this compiler
  compile_fail tests/test_with_copy_and_mutate.bl: internal compiler error[CodegenStageNotBuilt]: the effect vtable field a handler install writes is not built in this compiler
  compile_fail tests/test_with_handler_values.bl: internal compiler error[UnhandledExprKind]: expression kind HandlerExpr has no lowering
  compile_fail tests/test_with_parse.bl: internal compiler error[ElementScanNotLowered]: a scan that compares each element has no lowering here
  compile_fail tests/test_with_ptr_ffi_return.bl: error: C compilation failed
  compile_fail tests/test_with_resource.bl: internal compiler error[UnnamedHandlerEffect]: handler type 0 names no effect
  compile_fail tests/test_wm4qwx_opaque_inertness.bl: internal compiler error[ElementScanNotLowered]: a scan that compares each element has no lowering here
  compile_fail tests/test_wme0hh_struct_param_signature.bl: error: C compilation failed
  compile_fail tests/test_wnbsen_block_let_if_tail.bl: internal compiler error[ElementScanNotLowered]: a scan that compares each element has no lowering here
  compile_fail tests/test_write_char.bl: internal compiler error[ElementScanNotLowered]: a scan that compares each element has no lowering here
  compile_fail tests/test_wxxg4f_builtin_handler_capture.bl: internal compiler error[ElementScanNotLowered]: a scan that compares each element has no lowering here
  compile_fail tests/test_wzm47q_nested_map_value_mono.bl: internal compiler error[CodegenStageNotBuilt]: cg_derive for @derive(Hash) on the generic type 'HBox' is not built in this compiler
  compile_fail tests/test_x2rp7f_promote_option_boxed_payload.bl: internal compiler error[ElementScanNotLowered]: a scan that compares each element has no lowering here
  compile_fail tests/test_x3x0qj_iife_callee_unchecked.bl: internal compiler error[ElementScanNotLowered]: a scan that compares each element has no lowering here
  compile_fail tests/test_xcx9wc_set_elem_hashability_inference.bl: internal compiler error[ElementScanNotLowered]: a scan that compares each element has no lowering here
  compile_fail tests/test_xexddt_capture_ct_tid_first.bl: internal compiler error[BoxedCaptureNotLowered]: closure captures 's', whose value does not fit a capture word and needs a heap box no stage allocates yet
  compile_fail tests/test_xf9a63_test_failing.bl: internal compiler error[ElementScanNotLowered]: a scan that compares each element has no lowering here
  compile_fail tests/test_xgkep8_irrefutable_tuple_arm.bl: error: C compilation failed
  compile_fail tests/test_xgm7jv_poly_impl_instance_compound_return.bl: error: C compilation failed
  compile_fail tests/test_xnacxw_result_carrier_compound_inner.bl: internal compiler error[CodegenStageNotBuilt]: cg_call closure values and compiler-provided calls is not built in this compiler
  compile_fail tests/test_xpjxgw_audit_scope_and_bodies.bl: internal compiler error[ElementScanNotLowered]: a scan that compares each element has no lowering here
  compile_fail tests/test_xr0qrn_err_struct_carrier.bl: error: C compilation failed
  compile_fail tests/test_y1n3ck_generic_return_tail_infer.bl: internal compiler error[ElementScanNotLowered]: a scan that compares each element has no lowering here
  compile_fail tests/test_ya0739_generic_caller_map_value.bl: internal compiler error[CodegenStageNotBuilt]: cg_call closure values and compiler-provided calls is not built in this compiler
  compile_fail tests/test_ya8qyf_impl_method_declared_return.bl: internal compiler error[ElementScanNotLowered]: a scan that compares each element has no lowering here
  compile_fail tests/test_yavhwc_carrier_compound_inner_value_path.bl: internal compiler error[CodegenStageNotBuilt]: cg_call closure values and compiler-provided calls is not built in this compiler
  compile_fail tests/test_yb3a4z_tuple_lit_option_element.bl: error: C compilation failed
  compile_fail tests/test_yb9ytb_read_fully.bl: internal compiler error[AllocationSizeNotInIr]: 'scope.alloc_n' must say how many bytes its pointee takes, and no IR node carries a size
  compile_fail tests/test_ybvy4k_fs_error_types.bl: internal compiler error[CodegenStageNotBuilt]: cg_call intrinsic 'fs.errno' is not built in this compiler
  compile_fail tests/test_yg05mm_alias_target_declared_after.bl: error: C compilation failed
  compile_fail tests/test_ymw2w7_closure_match_tuple_none.bl: error: C compilation failed
  compile_fail tests/test_ymw81c_generic_map_return_value_carry.bl: internal compiler error[CodegenStageNotBuilt]: cg_call closure values and compiler-provided calls is not built in this compiler
  compile_fail tests/test_yvq32w_compound_inner_in_mono_body.bl: internal compiler error[CodegenStageNotBuilt]: cg_call closure values and compiler-provided calls is not built in this compiler
  compile_fail tests/test_yz75zv_map_type_no_fabricated_default.bl: internal compiler error[CodegenStageNotBuilt]: cg_call closure values and compiler-provided calls is not built in this compiler
  compile_fail tests/test_z6bhn4_capture_descriptor_depth.bl: internal compiler error[ElementScanNotLowered]: a scan that compares each element has no lowering here
  run_fail tests/test_z6hykk_stdlib_ffi_no_w0812.bl: test stdlib @ffi.opaque (compiler-managed native dep) does not emit W0812 ... FAIL
  compile_fail tests/test_z89rdf_signature_position_tid.bl: internal compiler error[ElementScanNotLowered]: a scan that compares each element has no lowering here
  compile_fail tests/test_z9gkt3_map_compound_return_guard.bl: internal compiler error[ElementScanNotLowered]: a scan that compares each element has no lowering here
  compile_fail tests/test_zaq1np_collect_field_compound_elem.bl: internal compiler error[CodegenStageNotBuilt]: cg_call closure values and compiler-provided calls is not built in this compiler
  compile_fail tests/test_zaya28_runtime_struct_field.bl: internal compiler error[ElementScanNotLowered]: a scan that compares each element has no lowering here
  compile_fail tests/test_zb354m_generic_result_err_param_infer.bl: error: C compilation failed
  compile_fail tests/test_zdczwc_assert_eq_struct_arm.bl: internal compiler error[ElementScanNotLowered]: a scan that compares each element has no lowering here
  compile_fail tests/test_zmc3q1_map_value_list_struct.bl: internal compiler error[CodegenStageNotBuilt]: cg_call closure values and compiler-provided calls is not built in this compiler
  compile_fail tests/test_znad0f_cross_module_derive.bl: internal compiler error[ElementScanNotLowered]: a scan that compares each element has no lowering here
  compile_fail tests/test_zpspke_compound_param_typevar_bind.bl: internal compiler error[ElementScanNotLowered]: a scan that compares each element has no lowering here
  compile_fail tests/test_zrybya_compound_field.bl: error: C compilation failed
  compile_fail tests/test_zs7khh_static_from_tryfrom_ret_tid.bl: internal compiler error[ElementScanNotLowered]: a scan that compares each element has no lowering here
corpus-check: baseline  passed 0/1436, now 228/1644
corpus-check: 208 file(s) not in the baseline baseline (new tests)
corpus-check: HEAD~1    passed 0/1436, now 228/1644
corpus-check: 208 file(s) not in the HEAD~1 baseline (new tests)
corpus-check: ok
fmt: 1623 passed, 0 failed, 52 skipped
task: [gen0] ./scripts/gen0.sh
gen0: up to date (last-selfhost-before-codegen-rewrite @ fa181b49), nothing to do
corpus: 69 files, compiler build/gen0, 12 workers
corpus: pass 69
corpus: 69/69 passed in 90s -> build/typecheck_suite.json
typecheck-suite: ok 69/69
task: [gen0] ./scripts/gen0.sh
gen0: up to date (last-selfhost-before-codegen-rewrite @ fa181b49), nothing to do
corpus: 164 files, compiler build/gen0, 12 workers
corpus: pass 163
corpus: run_fail 1
corpus: 163/164 passed in 393s -> build/rewrite_suite.json
corpus: failing files:
  run_fail tests/test_cg_stmt_lowering_shapes.bl: test a for-in over a list is an internal error, not a partial loop ... FAIL
rewrite-suite: FAIL 163/164
task: Failed to run task "ci": task: Failed to run task "rewrite-suite": exit status 1
ci exit 201
